Distance_km,Weather,Traffic_Level,Vehicle_Type,Preparation_Time_min,Courier_Experience_yrs,Delivery_Time_min,Time_of_Day_Afternoon,Time_of_Day_Evening,Time_of_Day_Morning,Time_of_Day_Night,Base_Time,Expected_Time_min,Is_Late
7.93,1.0,0.0,1.0,12,1.0,43,1.0,0.0,0.0,0.0,35.79,38.58162,1
16.42,0.0,1.0,2.0,20,2.0,84,0.0,1.0,0.0,0.0,69.26,79.78752,1
9.52,2.0,0.0,1.0,28,1.0,59,0.0,0.0,0.0,1.0,56.56,66.51456,0
7.44,3.0,1.0,1.0,5,1.0,37,1.0,0.0,0.0,0.0,27.32,41.766816,0
19.03,0.0,0.0,2.0,16,5.0,68,0.0,0.0,1.0,0.0,73.09,65.781,1
19.4,0.0,0.0,1.0,8,9.0,57,0.0,1.0,0.0,0.0,66.19999999999999,54.28399999999999,1
9.52,0.0,0.0,2.0,12,1.0,49,0.0,0.0,1.0,0.0,40.56,39.7488,1
17.39,0.0,1.0,1.0,5,6.0,46,0.0,1.0,0.0,0.0,57.17,60.37152,0
1.78,4.0,0.0,0.0,20,6.0,35,0.0,1.0,0.0,0.0,25.34,33.4488,1
10.62,2.0,0.0,1.0,29,1.0,73,0.0,1.0,0.0,0.0,60.86,71.57136,1
16.86,4.0,1.0,0.0,13,4.0,88,1.0,0.0,0.0,0.0,63.58,105.28847999999999,0
15.54,0.0,0.0,2.0,29,1.0,76,0.0,0.0,0.0,1.0,75.62,74.1076,1
10.89,0.0,2.0,2.0,12,5.0,53,0.0,0.0,0.0,1.0,44.67,60.3045,0
4.69,3.0,1.0,1.0,12,7.0,36,0.0,1.0,0.0,0.0,26.07,34.975511999999995,1
2.8,0.0,2.0,1.0,10,,33,0.0,0.0,1.0,0.0,18.4,,0
2.17,4.0,0.0,0.0,15,3.0,35,0.0,1.0,0.0,0.0,21.509999999999998,30.3291,1
17.86,3.0,0.0,2.0,5,1.0,50,1.0,0.0,0.0,0.0,58.58,74.63091999999999,0
2.53,4.0,0.0,2.0,6,8.0,24,0.0,0.0,1.0,0.0,13.59,17.123399999999997,1
6.58,2.0,0.0,0.0,6,7.0,27,0.0,1.0,0.0,0.0,25.740000000000002,26.56368,1
5.38,0.0,1.0,1.0,26,1.0,47,0.0,1.0,0.0,0.0,42.14,49.556639999999994,0
15.56,3.0,0.0,1.0,28,0.0,72,1.0,0.0,0.0,0.0,74.68,97.08400000000002,0
13.08,3.0,0.0,0.0,16,4.0,58,0.0,0.0,1.0,0.0,55.24,66.06704000000002,0
0.86,0.0,2.0,2.0,26,5.0,37,1.0,0.0,0.0,0.0,28.58,38.583,0
5.83,0.0,2.0,0.0,27,9.0,56,0.0,1.0,0.0,0.0,44.49,54.7227,1
11.2,0.0,1.0,2.0,23,,73,0.0,0.0,1.0,0.0,56.599999999999994,,0
14.59,0.0,1.0,2.0,15,6.0,64,0.0,0.0,1.0,0.0,58.769999999999996,62.06111999999999,1
12.91,1.0,1.0,2.0,11,6.0,56,0.0,1.0,0.0,0.0,49.730000000000004,57.76636800000001,0
13.92,4.0,0.0,1.0,18,4.0,70,0.0,0.0,1.0,0.0,59.76,82.4688,0
4.04,4.0,0.0,2.0,11,9.0,70,0.0,0.0,0.0,1.0,23.12,28.437600000000003,1
18.05,0.0,1.0,1.0,10,7.0,123,0.0,1.0,0.0,0.0,64.15,66.2028,1
12.88,0.0,1.0,1.0,8,5.0,52,0.0,0.0,1.0,0.0,46.64,50.371199999999995,1
19.45,3.0,2.0,1.0,20,6.0,108,0.0,0.0,1.0,0.0,78.35,134.4486,0
4.58,0.0,2.0,1.0,22,9.0,45,0.0,0.0,1.0,0.0,35.74,43.9602,1
19.73,2.0,1.0,2.0,27,4.0,111,0.0,1.0,0.0,0.0,86.19,114.184512,0
2.47,1.0,1.0,2.0,27,2.0,44,0.0,0.0,1.0,0.0,34.41,43.604352,1
17.8,4.0,1.0,2.0,16,9.0,73,0.0,0.0,1.0,0.0,69.4,102.43440000000001,0
5.96,0.0,1.0,2.0,22,7.0,45,1.0,0.0,0.0,0.0,39.879999999999995,41.15615999999999,1
12.85,1.0,1.0,1.0,18,7.0,61,1.0,0.0,0.0,0.0,56.55,64.19556,0
1.02,0.0,1.0,2.0,25,4.0,34,1.0,0.0,0.0,0.0,28.06,30.97824,1
6.84,3.0,1.0,0.0,14,8.0,47,0.0,0.0,0.0,1.0,34.519999999999996,45.23500799999999,1
8.68,3.0,1.0,2.0,8,5.0,52,0.0,0.0,1.0,0.0,34.04,47.79216,1
10.69,0.0,1.0,2.0,25,9.0,67,0.0,0.0,0.0,1.0,57.07,56.15688,1
0.99,0.0,1.0,2.0,15,,32,0.0,1.0,0.0,0.0,17.97,,0
1.11,0.0,0.0,2.0,5,6.0,8,0.0,0.0,1.0,0.0,8.33,7.3304,1
2.16,4.0,0.0,1.0,15,0.0,36,0.0,1.0,0.0,0.0,21.48,32.22,1
13.17,1.0,1.0,2.0,16,4.0,67,1.0,0.0,0.0,0.0,55.51,67.411344,0
8.79,4.0,0.0,2.0,14,6.0,43,0.0,0.0,0.0,1.0,40.37,53.288399999999996,0
5.93,0.0,0.0,1.0,19,3.0,36,1.0,0.0,0.0,0.0,36.79,34.5826,1
2.09,3.0,0.0,2.0,23,2.0,36,0.0,0.0,0.0,1.0,29.27,36.52896,0
7.57,0.0,0.0,2.0,21,0.0,56,0.0,0.0,1.0,0.0,43.71,43.71,1
10.52,3.0,1.0,1.0,8,4.0,56,1.0,0.0,0.0,0.0,39.56,56.77651200000001,0
4.83,3.0,0.0,0.0,25,9.0,47,0.0,0.0,1.0,0.0,39.49,42.096340000000005,1
19.81,4.0,1.0,0.0,20,5.0,104,1.0,0.0,0.0,0.0,79.42999999999999,128.6766,0
10.1,3.0,0.0,0.0,8,4.0,50,0.0,1.0,0.0,0.0,38.3,45.8068,1
7.64,1.0,0.0,0.0,10,8.0,31,1.0,0.0,0.0,0.0,32.92,30.418080000000003,1
12.35,0.0,0.0,1.0,10,6.0,35,0.0,0.0,1.0,0.0,47.05,41.403999999999996,0
5.9,3.0,0.0,0.0,26,9.0,44,0.0,1.0,0.0,0.0,43.7,46.5842,0
0.9,0.0,0.0,2.0,20,8.0,23,1.0,0.0,0.0,0.0,22.7,19.067999999999998,1
11.58,0.0,1.0,1.0,16,2.0,61,0.0,0.0,1.0,0.0,50.74,58.452479999999994,1
16.16,0.0,2.0,2.0,11,1.0,82,1.0,0.0,0.0,0.0,59.480000000000004,87.4356,0
15.51,0.0,0.0,2.0,17,9.0,69,0.0,1.0,0.0,0.0,63.53,52.09460000000001,1
12.16,1.0,2.0,1.0,11,0.0,69,0.0,1.0,0.0,0.0,47.480000000000004,78.342,0
4.96,3.0,2.0,2.0,21,0.0,60,0.0,0.0,1.0,0.0,35.879999999999995,69.966,0
3.64,1.0,2.0,2.0,17,6.0,40,0.0,1.0,0.0,0.0,27.92,40.539840000000005,0
2.85,0.0,0.0,1.0,26,0.0,38,0.0,0.0,1.0,0.0,34.55,34.55,1
10.4,0.0,0.0,2.0,16,4.0,52,0.0,1.0,0.0,0.0,47.2,43.42400000000001,1
12.31,1.0,0.0,2.0,29,4.0,68,0.0,0.0,1.0,0.0,65.93,66.72116000000001,1
3.53,0.0,1.0,2.0,13,7.0,31,1.0,0.0,0.0,0.0,23.59,24.34488,1
15.56,0.0,1.0,2.0,14,3.0,54,0.0,1.0,0.0,0.0,60.68,68.44704,0
13.6,0.0,1.0,2.0,27,0.0,87,1.0,0.0,0.0,0.0,67.8,81.36,1
15.23,4.0,2.0,2.0,5,0.0,62,0.0,0.0,1.0,0.0,50.69,114.0525,0
4.17,0.0,0.0,1.0,5,1.0,22,0.0,1.0,0.0,0.0,17.509999999999998,17.159799999999997,1
3.21,3.0,2.0,1.0,16,0.0,42,0.0,0.0,0.0,1.0,25.63,49.978500000000004,0
6.38,4.0,0.0,2.0,16,1.0,111,0.0,1.0,0.0,0.0,35.14,51.6558,1
16.54,3.0,0.0,1.0,6,7.0,51,1.0,0.0,0.0,0.0,55.62,62.183159999999994,0
12.02,0.0,0.0,0.0,9,7.0,41,0.0,0.0,1.0,0.0,45.06,38.7516,1
11.94,0.0,0.0,2.0,20,3.0,69,0.0,1.0,0.0,0.0,55.82,52.4708,1
9.08,0.0,0.0,1.0,14,5.0,49,1.0,0.0,0.0,0.0,41.24,37.116,1
3.46,4.0,1.0,1.0,23,3.0,48,0.0,0.0,1.0,0.0,33.379999999999995,56.47895999999999,0
6.8,2.0,1.0,1.0,13,7.0,46,0.0,0.0,1.0,0.0,33.4,41.362559999999995,1
17.38,3.0,1.0,1.0,11,2.0,92,1.0,0.0,0.0,0.0,63.14,94.558464,0
3.25,0.0,0.0,2.0,23,7.0,32,0.0,0.0,1.0,0.0,32.75,28.165,1
10.28,0.0,1.0,1.0,29,3.0,71,0.0,1.0,0.0,0.0,59.839999999999996,67.49951999999999,1
16.14,0.0,0.0,0.0,6,9.0,65,0.0,0.0,0.0,1.0,54.42,44.6244,1
3.55,0.0,1.0,2.0,23,0.0,43,0.0,1.0,0.0,0.0,33.65,40.379999999999995,1
10.65,0.0,1.0,1.0,23,8.0,58,1.0,0.0,0.0,0.0,54.95,55.389599999999994,1
19.03,0.0,0.0,0.0,26,5.0,68,1.0,0.0,0.0,0.0,83.09,74.781,0
7.3,0.0,0.0,1.0,14,7.0,28,0.0,0.0,0.0,1.0,35.9,30.874,0
7.03,0.0,0.0,1.0,21,1.0,44,0.0,1.0,0.0,0.0,42.09,41.248200000000004,1
12.43,4.0,0.0,0.0,12,0.0,70,1.0,0.0,0.0,0.0,49.29,73.935,0
12.76,1.0,2.0,1.0,27,,74,0.0,0.0,1.0,0.0,65.28,,0
11.39,3.0,2.0,1.0,14,1.0,72,0.0,1.0,0.0,0.0,48.17,92.05287,0
19.41,0.0,0.0,0.0,7,3.0,48,0.0,0.0,1.0,0.0,65.23,61.3162,0
13.17,3.0,2.0,1.0,17,8.0,69,0.0,1.0,0.0,0.0,56.51,92.56338,0
8.32,3.0,0.0,0.0,12,2.0,49,1.0,0.0,0.0,0.0,36.96,46.12608,1
1.92,0.0,0.0,2.0,8,7.0,14,0.0,0.0,1.0,0.0,13.76,11.833599999999999,1
1.15,0.0,0.0,1.0,26,4.0,30,1.0,0.0,0.0,0.0,29.45,27.094,1
17.8,1.0,2.0,0.0,12,9.0,73,1.0,0.0,0.0,0.0,65.4,88.48620000000003,0
7.46,0.0,1.0,2.0,8,5.0,42,0.0,1.0,0.0,0.0,30.38,32.810399999999994,1
7.25,0.0,1.0,1.0,18,4.0,45,1.0,0.0,0.0,0.0,39.75,43.884,1
16.7,0.0,1.0,1.0,28,1.0,76,1.0,0.0,0.0,0.0,78.1,91.84559999999999,0
17.2,3.0,2.0,1.0,14,2.0,94,1.0,0.0,0.0,0.0,65.6,122.80319999999999,0
0.86,0.0,1.0,0.0,21,7.0,28,1.0,0.0,0.0,0.0,23.58,24.334559999999996,1
18.76,0.0,1.0,0.0,15,2.0,80,0.0,1.0,0.0,0.0,71.28,82.11456,0
9.22,0.0,1.0,0.0,18,9.0,57,1.0,0.0,0.0,0.0,45.660000000000004,44.92944000000001,1
2.84,0.0,0.0,1.0,24,2.0,35,0.0,1.0,0.0,0.0,32.519999999999996,31.219199999999994,1
17.59,0.0,0.0,2.0,24,6.0,69,0.0,0.0,1.0,0.0,76.77,67.5576,1
14.89,4.0,2.0,1.0,17,6.0,87,0.0,0.0,1.0,0.0,61.67,122.1066,0
1.3,0.0,1.0,2.0,22,4.0,31,0.0,1.0,0.0,0.0,25.9,28.5936,1
18.99,3.0,2.0,2.0,10,6.0,70,1.0,0.0,0.0,0.0,66.97,114.92052,0
1.6,2.0,0.0,1.0,24,,37,0.0,0.0,0.0,1.0,28.8,,0
8.26,4.0,0.0,2.0,15,1.0,57,1.0,0.0,0.0,0.0,39.78,58.4766,0
10.16,0.0,2.0,2.0,12,5.0,52,0.0,0.0,0.0,1.0,42.480000000000004,57.348000000000006,0
12.03,0.0,1.0,0.0,20,5.0,65,0.0,0.0,1.0,0.0,56.089999999999996,60.5772,1
14.73,3.0,0.0,2.0,24,6.0,74,1.0,0.0,0.0,0.0,68.19,78.00936,0
12.56,0.0,2.0,2.0,17,5.0,69,0.0,1.0,0.0,0.0,54.68,73.818,0
5.53,0.0,1.0,2.0,19,1.0,44,1.0,0.0,0.0,0.0,35.59,41.853840000000005,1
10.18,2.0,1.0,2.0,25,3.0,73,0.0,0.0,1.0,0.0,55.54,75.17894399999999,0
15.5,0.0,1.0,1.0,28,9.0,91,0.0,0.0,1.0,0.0,74.5,73.30799999999999,1
2.98,2.0,1.0,2.0,11,2.0,27,0.0,0.0,0.0,1.0,19.939999999999998,27.565055999999995,0
16.69,2.0,1.0,1.0,8,2.0,65,0.0,1.0,0.0,0.0,58.07000000000001,80.27596800000002,0
11.22,1.0,2.0,2.0,25,5.0,79,0.0,1.0,0.0,0.0,58.660000000000004,87.11010000000002,0
8.53,0.0,0.0,1.0,8,2.0,41,0.0,1.0,0.0,0.0,33.589999999999996,32.246399999999994,1
12.49,0.0,1.0,2.0,25,4.0,77,0.0,0.0,1.0,0.0,62.47,68.96688,1
0.97,0.0,0.0,1.0,24,8.0,26,0.0,0.0,0.0,1.0,26.91,22.6044,1
12.6,1.0,1.0,0.0,8,6.0,58,1.0,0.0,0.0,0.0,45.8,53.20128,1
6.91,0.0,1.0,1.0,28,9.0,56,0.0,1.0,0.0,0.0,48.730000000000004,47.950320000000005,1
18.97,0.0,0.0,0.0,25,4.0,141,0.0,1.0,0.0,0.0,81.91,75.3572,1
4.05,0.0,1.0,2.0,20,,44,0.0,1.0,0.0,0.0,32.15,,0
14.29,1.0,1.0,2.0,14,7.0,78,0.0,0.0,1.0,0.0,56.87,64.55882400000002,1
1.3,2.0,0.0,2.0,19,5.0,29,0.0,1.0,0.0,0.0,22.9,24.732,1
12.11,3.0,0.0,2.0,9,5.0,59,0.0,0.0,1.0,0.0,45.33,53.036100000000005,1
14.94,0.0,1.0,2.0,11,0.0,62,0.0,0.0,1.0,0.0,55.82,66.984,0
2.29,3.0,2.0,0.0,8,8.0,80,1.0,0.0,0.0,0.0,14.870000000000001,24.35706,1
17.36,3.0,2.0,2.0,24,1.0,105,1.0,0.0,0.0,0.0,76.08,145.38888000000003,0
18.48,0.0,1.0,2.0,8,0.0,82,0.0,0.0,0.0,1.0,63.44,76.128,1
16.25,2.0,2.0,2.0,10,5.0,91,0.0,0.0,1.0,0.0,58.75,95.175,0
5.13,0.0,0.0,0.0,15,4.0,30,0.0,0.0,1.0,0.0,30.39,27.9588,1
15.81,0.0,0.0,0.0,25,1.0,92,0.0,0.0,1.0,0.0,72.43,70.98140000000001,1
0.61,0.0,0.0,1.0,10,0.0,16,1.0,0.0,0.0,0.0,11.83,11.83,1
5.55,2.0,2.0,2.0,18,1.0,116,0.0,1.0,0.0,0.0,34.65,61.12259999999999,1
19.35,0.0,2.0,2.0,12,7.0,75,0.0,0.0,1.0,0.0,70.05000000000001,90.3645,0
4.03,0.0,1.0,2.0,9,5.0,25,0.0,1.0,0.0,0.0,21.09,22.7772,1
7.09,4.0,0.0,1.0,13,8.0,37,0.0,0.0,1.0,0.0,34.269999999999996,43.18019999999999,0
8.25,0.0,1.0,2.0,7,9.0,28,1.0,0.0,0.0,0.0,31.75,31.242000000000004,0
11.26,0.0,0.0,2.0,5,6.0,49,0.0,0.0,0.0,1.0,38.78,34.126400000000004,1
19.7,3.0,0.0,2.0,10,2.0,60,0.0,1.0,0.0,0.0,69.1,86.23679999999999,0
0.8,4.0,2.0,2.0,14,9.0,36,0.0,1.0,0.0,0.0,16.4,30.258000000000003,1
7.0,3.0,1.0,2.0,17,9.0,49,0.0,1.0,0.0,0.0,38.0,48.60960000000001,1
14.43,0.0,1.0,0.0,14,4.0,113,0.0,0.0,1.0,0.0,57.29,63.24815999999999,1
6.89,3.0,1.0,2.0,11,6.0,43,1.0,0.0,0.0,0.0,31.669999999999998,43.476576,0
5.13,2.0,1.0,0.0,25,1.0,60,0.0,1.0,0.0,0.0,40.39,56.99836799999999,1
1.5,0.0,0.0,2.0,10,1.0,17,1.0,0.0,0.0,0.0,14.5,14.209999999999999,1
2.78,0.0,2.0,1.0,9,0.0,41,1.0,0.0,0.0,0.0,17.34,26.009999999999998,1
11.31,0.0,1.0,2.0,7,0.0,54,0.0,1.0,0.0,0.0,40.93,49.116,1
15.05,0.0,1.0,0.0,12,2.0,66,0.0,1.0,0.0,0.0,57.150000000000006,65.8368,1
5.78,2.0,0.0,1.0,9,9.0,33,1.0,0.0,0.0,0.0,26.34,25.91856,1
11.83,0.0,0.0,1.0,9,7.0,32,0.0,1.0,0.0,0.0,44.49,38.2614,0
8.08,2.0,0.0,2.0,25,2.0,61,0.0,0.0,1.0,0.0,49.24,56.72448,1
16.1,0.0,0.0,2.0,25,0.0,64,0.0,1.0,0.0,0.0,73.30000000000001,73.30000000000001,0
9.74,3.0,1.0,1.0,7,8.0,37,0.0,1.0,0.0,0.0,36.22,47.462688,0
17.6,0.0,0.0,2.0,27,3.0,69,1.0,0.0,0.0,0.0,79.80000000000001,75.012,0
10.22,4.0,1.0,2.0,18,1.0,68,0.0,0.0,0.0,1.0,48.660000000000004,85.83624,0
2.19,0.0,0.0,2.0,26,3.0,32,0.0,1.0,0.0,0.0,32.57,30.6158,1
11.41,1.0,1.0,1.0,17,4.0,68,1.0,0.0,0.0,0.0,51.230000000000004,62.213712000000015,1
4.14,0.0,1.0,1.0,14,2.0,30,0.0,0.0,1.0,0.0,26.419999999999998,30.435839999999995,0
12.65,3.0,0.0,2.0,18,8.0,60,1.0,0.0,0.0,0.0,55.95,61.0974,0
4.15,0.0,1.0,0.0,17,8.0,46,0.0,0.0,1.0,0.0,29.450000000000003,29.6856,1
16.8,0.0,2.0,0.0,19,4.0,85,0.0,0.0,1.0,0.0,69.4,95.772,0
9.06,0.0,1.0,2.0,23,4.0,47,0.0,1.0,0.0,0.0,50.18,55.39872,0
13.04,0.0,1.0,1.0,20,6.0,65,0.0,0.0,1.0,0.0,59.12,62.43071999999999,1
10.7,0.0,1.0,1.0,8,5.0,44,1.0,0.0,0.0,0.0,40.099999999999994,43.30799999999999,1
6.15,2.0,0.0,1.0,26,5.0,48,0.0,1.0,0.0,0.0,44.45,48.00600000000001,0
16.47,4.0,2.0,1.0,20,9.0,75,0.0,1.0,0.0,0.0,69.41,128.06145,0
1.39,0.0,1.0,2.0,15,4.0,24,1.0,0.0,0.0,0.0,19.17,21.163680000000003,1
11.14,3.0,1.0,1.0,7,3.0,47,0.0,0.0,1.0,0.0,40.42,59.271888,0
3.81,3.0,2.0,2.0,5,6.0,31,1.0,0.0,0.0,0.0,16.43,28.19388,1
2.39,3.0,1.0,2.0,27,7.0,43,0.0,1.0,0.0,0.0,34.17,45.842472,0
11.74,0.0,2.0,0.0,6,3.0,54,0.0,1.0,0.0,0.0,41.22,58.1202,0
8.26,0.0,0.0,0.0,21,4.0,80,0.0,0.0,1.0,0.0,45.78,42.1176,1
9.54,3.0,1.0,1.0,11,5.0,47,0.0,1.0,0.0,0.0,39.62,55.626479999999994,0
3.88,0.0,1.0,2.0,16,2.0,35,0.0,0.0,1.0,0.0,27.64,31.841279999999998,1
0.95,3.0,1.0,0.0,27,0.0,44,0.0,0.0,1.0,0.0,29.85,46.566,0
8.59,0.0,0.0,1.0,17,8.0,36,0.0,0.0,0.0,1.0,42.769999999999996,35.92679999999999,1
8.59,0.0,0.0,2.0,22,2.0,43,0.0,1.0,0.0,0.0,47.769999999999996,45.859199999999994,0
14.21,0.0,1.0,2.0,24,,58,0.0,1.0,0.0,0.0,66.63,,0
13.03,2.0,0.0,1.0,9,1.0,50,0.0,0.0,1.0,0.0,48.089999999999996,56.553839999999994,0
8.03,0.0,0.0,1.0,14,8.0,42,0.0,1.0,0.0,0.0,38.089999999999996,31.995599999999996,1
13.2,4.0,0.0,0.0,14,3.0,62,0.0,0.0,1.0,0.0,53.599999999999994,75.576,0
12.67,0.0,1.0,0.0,10,3.0,65,0.0,1.0,0.0,0.0,48.01,54.15527999999999,1
17.54,0.0,1.0,0.0,16,8.0,54,0.0,0.0,1.0,0.0,68.62,69.16896,0
9.32,0.0,0.0,1.0,6,5.0,30,0.0,0.0,1.0,0.0,33.96,30.564,0
6.03,3.0,2.0,0.0,8,6.0,46,1.0,0.0,0.0,0.0,26.09,44.77044,1
15.71,0.0,0.0,1.0,28,5.0,69,1.0,0.0,0.0,0.0,75.13,67.617,1
4.87,4.0,2.0,2.0,16,7.0,54,0.0,1.0,0.0,0.0,30.61,59.23035,0
18.15,3.0,2.0,2.0,22,7.0,108,0.0,0.0,1.0,0.0,76.44999999999999,128.20665,0
0.78,0.0,1.0,2.0,6,1.0,17,0.0,0.0,1.0,0.0,8.34,9.807839999999999,1
0.6,0.0,0.0,2.0,26,3.0,30,1.0,0.0,0.0,0.0,27.8,26.131999999999998,1
2.09,0.0,1.0,2.0,5,5.0,16,0.0,1.0,0.0,0.0,11.27,12.1716,1
7.49,0.0,1.0,1.0,13,9.0,45,0.0,0.0,1.0,0.0,35.47,34.902480000000004,1
1.41,2.0,1.0,2.0,15,0.0,72,0.0,1.0,0.0,0.0,19.23,27.6912,1
18.92,0.0,2.0,1.0,27,4.0,100,0.0,0.0,1.0,0.0,83.76,115.58880000000002,0
12.41,0.0,1.0,0.0,10,1.0,51,0.0,0.0,1.0,0.0,47.230000000000004,55.54248,0
1.06,0.0,0.0,1.0,19,6.0,21,1.0,0.0,0.0,0.0,22.18,19.5184,1
18.34,0.0,2.0,2.0,9,4.0,92,0.0,0.0,0.0,1.0,64.02,88.3476,1
13.52,0.0,0.0,1.0,27,1.0,82,0.0,0.0,1.0,0.0,67.56,66.2088,1
16.79,2.0,2.0,2.0,24,6.0,85,1.0,0.0,0.0,0.0,74.37,117.80208000000002,0
15.39,0.0,1.0,1.0,24,5.0,89,0.0,1.0,0.0,0.0,70.17,75.78359999999999,1
7.39,3.0,1.0,1.0,25,6.0,60,0.0,0.0,1.0,0.0,47.17,64.754976,0
10.98,3.0,0.0,1.0,10,6.0,55,0.0,0.0,1.0,0.0,42.94,49.12336,1
11.08,4.0,1.0,2.0,9,0.0,57,0.0,0.0,1.0,0.0,42.24,76.03200000000001,0
5.41,0.0,1.0,2.0,14,5.0,36,0.0,0.0,0.0,1.0,30.23,32.648399999999995,1
0.94,0.0,2.0,2.0,9,6.0,21,0.0,0.0,1.0,0.0,11.82,15.602400000000001,1
7.27,1.0,0.0,2.0,10,5.0,35,1.0,0.0,0.0,0.0,31.81,31.4919,1
2.99,1.0,1.0,2.0,27,5.0,41,0.0,0.0,1.0,0.0,35.97,42.73236,0
15.28,4.0,0.0,2.0,16,5.0,72,0.0,1.0,0.0,0.0,61.839999999999996,83.484,0
2.48,1.0,1.0,0.0,14,6.0,27,1.0,0.0,0.0,0.0,21.439999999999998,24.904704,1
17.13,3.0,0.0,0.0,19,1.0,71,0.0,1.0,0.0,0.0,70.39,89.67686,0
7.17,0.0,0.0,2.0,15,7.0,32,1.0,0.0,0.0,0.0,36.51,31.3986,1
5.47,3.0,0.0,0.0,21,6.0,38,0.0,0.0,1.0,0.0,37.41,42.797039999999996,0
19.53,2.0,0.0,2.0,11,6.0,87,1.0,0.0,0.0,0.0,69.59,73.48704,1
7.5,0.0,2.0,2.0,29,1.0,66,0.0,0.0,1.0,0.0,51.5,75.705,0
5.61,1.0,0.0,2.0,25,9.0,48,0.0,0.0,0.0,1.0,41.83,37.73066000000001,1
4.1,0.0,0.0,2.0,21,3.0,37,0.0,0.0,1.0,0.0,33.3,31.301999999999996,1
6.22,3.0,1.0,2.0,15,0.0,49,0.0,0.0,1.0,0.0,33.66,52.5096,0
14.77,0.0,2.0,1.0,11,6.0,67,0.0,0.0,1.0,0.0,55.31,73.0092,0
12.55,1.0,0.0,2.0,13,8.0,51,0.0,1.0,0.0,0.0,50.650000000000006,46.80060000000001,1
10.31,2.0,1.0,1.0,19,5.0,62,0.0,0.0,1.0,0.0,49.93,64.70927999999999,0
8.72,4.0,1.0,0.0,18,7.0,64,0.0,1.0,0.0,0.0,44.160000000000004,68.35968,0
17.07,0.0,1.0,2.0,20,6.0,73,0.0,0.0,1.0,0.0,71.21000000000001,75.19776000000002,0
8.27,0.0,2.0,1.0,13,5.0,58,1.0,0.0,0.0,0.0,37.81,51.0435,1
7.54,4.0,0.0,2.0,20,,55,1.0,0.0,0.0,0.0,42.620000000000005,,0
14.07,0.0,2.0,2.0,5,8.0,67,1.0,0.0,0.0,0.0,47.21,59.48459999999999,1
19.02,0.0,1.0,2.0,29,9.0,87,1.0,0.0,0.0,0.0,86.06,84.68304,1
19.0,0.0,2.0,0.0,28,3.0,96,0.0,0.0,1.0,0.0,85.0,119.85,0
3.83,3.0,1.0,2.0,12,9.0,30,1.0,0.0,0.0,0.0,23.490000000000002,30.048408000000006,0
10.3,0.0,0.0,1.0,19,8.0,48,0.0,1.0,0.0,0.0,49.900000000000006,41.916000000000004,1
8.09,0.0,2.0,1.0,15,4.0,51,1.0,0.0,0.0,0.0,39.269999999999996,54.1926,0
18.06,0.0,1.0,2.0,9,8.0,52,0.0,0.0,0.0,1.0,63.17999999999999,63.685439999999986,0
2.76,1.0,1.0,1.0,8,5.0,22,0.0,0.0,1.0,0.0,16.28,19.340640000000004,1
12.17,4.0,0.0,2.0,20,8.0,68,0.0,1.0,0.0,0.0,56.51,71.2026,0
12.33,0.0,1.0,2.0,22,9.0,75,0.0,1.0,0.0,0.0,58.99,58.04616,1
1.38,0.0,1.0,1.0,5,8.0,13,0.0,1.0,0.0,0.0,9.14,9.21312,1
18.49,0.0,0.0,1.0,14,6.0,71,1.0,0.0,0.0,0.0,69.47,61.1336,1
10.57,4.0,0.0,2.0,28,9.0,59,1.0,0.0,0.0,0.0,59.71,73.44330000000001,0
2.0,0.0,2.0,1.0,10,2.0,30,0.0,1.0,0.0,0.0,16.0,23.04,1
3.29,0.0,1.0,1.0,17,4.0,32,1.0,0.0,0.0,0.0,26.87,29.66448,1
1.94,3.0,1.0,2.0,16,0.0,35,0.0,0.0,1.0,0.0,21.82,34.0392,1
6.56,1.0,1.0,2.0,14,1.0,47,0.0,0.0,1.0,0.0,33.68,43.568448,1
9.58,0.0,2.0,0.0,26,8.0,60,1.0,0.0,0.0,0.0,54.74,68.9724,0
6.95,0.0,1.0,1.0,25,2.0,58,0.0,0.0,1.0,0.0,45.85,52.8192,1
14.05,0.0,2.0,1.0,19,0.0,72,0.0,0.0,1.0,0.0,61.150000000000006,91.72500000000001,0
18.97,3.0,2.0,2.0,20,8.0,108,0.0,0.0,0.0,1.0,76.91,125.97858,0
13.53,3.0,0.0,2.0,28,8.0,78,0.0,1.0,0.0,0.0,68.59,74.90028,1
15.14,3.0,1.0,2.0,8,6.0,66,0.0,0.0,1.0,0.0,53.42,73.334976,0
5.96,0.0,0.0,2.0,26,6.0,48,1.0,0.0,0.0,0.0,43.879999999999995,38.614399999999996,1
3.43,1.0,1.0,2.0,7,6.0,23,0.0,0.0,1.0,0.0,17.29,20.084064,1
6.24,0.0,1.0,2.0,15,3.0,52,0.0,1.0,0.0,0.0,33.72,38.036159999999995,1
17.94,3.0,2.0,1.0,22,6.0,85,0.0,1.0,0.0,0.0,75.82000000000001,130.10712,0
3.54,3.0,1.0,2.0,10,5.0,32,0.0,1.0,0.0,0.0,20.62,28.950480000000002,1
16.38,3.0,1.0,2.0,7,,90,0.0,0.0,0.0,1.0,56.14,,0
7.81,0.0,0.0,2.0,11,4.0,42,0.0,1.0,0.0,0.0,34.43,31.675600000000003,1
8.84,0.0,1.0,2.0,26,0.0,57,0.0,0.0,1.0,0.0,52.519999999999996,63.023999999999994,0
14.09,0.0,1.0,1.0,12,3.0,55,1.0,0.0,0.0,0.0,54.269999999999996,61.216559999999994,0
11.92,0.0,0.0,1.0,14,4.0,46,1.0,0.0,0.0,0.0,49.76,45.7792,1
17.3,0.0,0.0,1.0,9,0.0,67,0.0,1.0,0.0,0.0,60.900000000000006,60.900000000000006,1
14.08,0.0,2.0,2.0,28,6.0,66,0.0,0.0,1.0,0.0,70.24000000000001,92.7168,0
2.8,0.0,2.0,2.0,28,1.0,50,1.0,0.0,0.0,0.0,36.4,53.507999999999996,0
17.96,0.0,1.0,2.0,22,2.0,76,0.0,0.0,1.0,0.0,75.88,87.41376,0
14.09,0.0,2.0,2.0,12,6.0,67,1.0,0.0,0.0,0.0,54.269999999999996,71.6364,0
9.39,0.0,0.0,2.0,14,2.0,37,0.0,0.0,1.0,0.0,42.17,40.483200000000004,0
17.9,0.0,0.0,2.0,23,,85,0.0,0.0,1.0,0.0,76.69999999999999,,0
4.55,3.0,0.0,2.0,5,6.0,21,1.0,0.0,0.0,0.0,18.65,21.3356,0
6.24,4.0,0.0,2.0,20,4.0,51,1.0,0.0,0.0,0.0,38.72,53.4336,0
16.92,0.0,0.0,1.0,29,0.0,70,0.0,0.0,1.0,0.0,79.76,79.76,0
14.31,0.0,1.0,2.0,9,8.0,47,0.0,0.0,1.0,0.0,51.93,52.345439999999996,0
14.66,1.0,1.0,2.0,20,2.0,77,0.0,0.0,1.0,0.0,63.980000000000004,81.075456,0
2.23,0.0,0.0,2.0,7,6.0,14,0.0,0.0,1.0,0.0,13.69,12.0472,1
12.65,0.0,0.0,2.0,15,4.0,66,0.0,1.0,0.0,0.0,52.95,48.714000000000006,1
7.24,3.0,1.0,2.0,28,6.0,65,0.0,1.0,0.0,0.0,49.72,68.25561599999999,0
3.01,0.0,1.0,2.0,14,4.0,26,0.0,1.0,0.0,0.0,23.03,25.42512,1
11.52,0.0,1.0,1.0,25,2.0,58,0.0,0.0,1.0,0.0,59.56,68.61312,0
3.95,0.0,0.0,2.0,13,5.0,25,1.0,0.0,0.0,0.0,24.85,22.365000000000002,1
1.09,0.0,1.0,1.0,6,2.0,17,0.0,0.0,1.0,0.0,9.27,10.679039999999999,1
13.99,0.0,2.0,1.0,7,3.0,96,0.0,1.0,0.0,0.0,48.97,69.04769999999999,1
19.32,3.0,2.0,0.0,21,7.0,112,0.0,0.0,1.0,0.0,78.96000000000001,132.41592,0
11.72,3.0,0.0,2.0,11,9.0,42,0.0,1.0,0.0,0.0,46.160000000000004,49.20656000000001,0
2.13,3.0,0.0,1.0,9,2.0,22,0.0,0.0,1.0,0.0,15.39,19.20672,1
8.17,0.0,1.0,1.0,20,9.0,44,1.0,0.0,0.0,0.0,44.51,43.79784,1
12.21,0.0,2.0,2.0,9,4.0,57,0.0,0.0,1.0,0.0,45.63,62.96940000000001,0
3.17,0.0,1.0,1.0,17,6.0,33,0.0,1.0,0.0,0.0,26.509999999999998,27.994559999999996,1
18.68,4.0,0.0,2.0,11,8.0,62,1.0,0.0,0.0,0.0,67.03999999999999,84.47039999999998,0
10.95,0.0,1.0,1.0,24,4.0,55,0.0,1.0,0.0,0.0,56.849999999999994,62.762399999999985,0
19.26,1.0,1.0,1.0,21,6.0,67,0.0,0.0,1.0,0.0,78.78,91.51084800000001,0
9.44,3.0,1.0,1.0,28,8.0,63,0.0,1.0,0.0,0.0,56.32,73.801728,0
4.86,2.0,1.0,0.0,25,4.0,52,0.0,1.0,0.0,0.0,39.58,52.43558399999999,0
5.81,2.0,0.0,2.0,25,8.0,51,1.0,0.0,0.0,0.0,42.43,42.769439999999996,1
7.34,3.0,0.0,2.0,22,8.0,47,0.0,1.0,0.0,0.0,44.019999999999996,48.06984,0
17.39,2.0,1.0,2.0,25,4.0,100,0.0,0.0,1.0,0.0,77.17,102.234816,0
5.22,4.0,0.0,2.0,11,9.0,40,0.0,1.0,0.0,0.0,26.66,32.7918,1
12.32,0.0,1.0,1.0,17,4.0,71,0.0,1.0,0.0,0.0,53.96,59.57184,1
2.15,1.0,1.0,0.0,17,6.0,30,1.0,0.0,0.0,0.0,23.45,27.239520000000002,1
9.36,3.0,2.0,1.0,17,2.0,65,0.0,0.0,1.0,0.0,45.08,84.38976000000001,0
2.28,0.0,1.0,1.0,27,9.0,39,0.0,1.0,0.0,0.0,33.84,33.29856000000001,1
14.54,0.0,1.0,2.0,29,2.0,73,0.0,1.0,0.0,0.0,72.62,83.65824,0
12.15,0.0,2.0,0.0,12,6.0,63,0.0,0.0,1.0,0.0,48.45,63.95400000000001,0
1.4,1.0,0.0,2.0,9,9.0,17,0.0,1.0,0.0,0.0,13.2,11.906400000000001,1
3.37,0.0,2.0,2.0,9,,28,0.0,0.0,1.0,0.0,19.11,,0
3.85,3.0,1.0,2.0,26,3.0,46,1.0,0.0,0.0,0.0,37.55,55.06331999999999,0
9.03,0.0,0.0,2.0,11,5.0,43,0.0,0.0,1.0,0.0,38.089999999999996,34.281,1
17.99,4.0,0.0,2.0,15,3.0,63,1.0,0.0,0.0,0.0,68.97,97.2477,0
16.35,0.0,1.0,2.0,16,0.0,66,0.0,0.0,1.0,0.0,65.05000000000001,78.06000000000002,0
19.61,0.0,2.0,2.0,8,6.0,72,0.0,1.0,0.0,0.0,66.83,88.21560000000001,0
16.29,0.0,0.0,2.0,20,1.0,72,0.0,0.0,1.0,0.0,68.87,67.49260000000001,1
7.84,1.0,0.0,2.0,6,4.0,28,1.0,0.0,0.0,0.0,29.52,29.874240000000004,0
18.17,3.0,0.0,0.0,13,0.0,71,1.0,0.0,0.0,0.0,67.51,87.763,0
17.89,1.0,0.0,2.0,27,1.0,101,0.0,0.0,1.0,0.0,80.67,86.96226,1
13.34,0.0,1.0,2.0,20,6.0,53,0.0,0.0,0.0,1.0,60.019999999999996,63.38111999999999,0
4.43,2.0,0.0,1.0,10,1.0,63,0.0,0.0,1.0,0.0,23.29,27.389039999999998,1
13.21,0.0,1.0,1.0,12,4.0,63,0.0,0.0,1.0,0.0,51.63,56.999520000000004,1
2.76,1.0,1.0,2.0,6,2.0,27,0.0,0.0,0.0,1.0,14.28,18.095616000000003,1
1.5,2.0,1.0,1.0,15,4.0,32,0.0,1.0,0.0,0.0,19.5,25.8336,1
11.04,0.0,1.0,1.0,8,2.0,54,1.0,0.0,0.0,0.0,41.12,47.370239999999995,1
1.22,0.0,1.0,1.0,6,,14,0.0,1.0,0.0,0.0,9.66,,0
14.58,0.0,0.0,2.0,13,,57,1.0,0.0,0.0,0.0,56.74,,0
18.26,3.0,2.0,1.0,28,7.0,93,0.0,0.0,0.0,1.0,82.78,138.82206000000002,0
3.88,2.0,0.0,0.0,27,9.0,42,0.0,1.0,0.0,0.0,38.64,38.02176000000001,1
18.07,0.0,2.0,1.0,5,2.0,67,1.0,0.0,0.0,0.0,59.21,85.2624,0
12.11,0.0,1.0,2.0,28,0.0,75,0.0,1.0,0.0,0.0,64.33,77.196,0
7.08,0.0,1.0,1.0,5,8.0,27,1.0,0.0,0.0,0.0,26.240000000000002,26.44992,1
3.12,3.0,0.0,1.0,14,5.0,28,0.0,1.0,0.0,0.0,23.36,27.3312,1
2.03,2.0,2.0,0.0,14,4.0,36,0.0,1.0,0.0,0.0,20.09,33.269040000000004,1
1.8,0.0,1.0,2.0,14,1.0,28,0.0,0.0,0.0,1.0,19.4,22.814399999999996,1
5.42,0.0,0.0,1.0,11,9.0,26,0.0,1.0,0.0,0.0,27.259999999999998,22.3532,1
7.8,0.0,0.0,1.0,23,5.0,52,0.0,1.0,0.0,0.0,46.4,41.76,1
8.47,3.0,0.0,1.0,19,0.0,48,1.0,0.0,0.0,0.0,44.410000000000004,57.733000000000004,0
6.79,3.0,0.0,1.0,16,1.0,39,0.0,1.0,0.0,0.0,36.370000000000005,46.33538000000001,0
13.6,3.0,1.0,1.0,23,6.0,83,1.0,0.0,0.0,0.0,63.8,87.58464,0
13.06,3.0,2.0,2.0,17,8.0,59,0.0,0.0,1.0,0.0,56.18,92.02284,0
19.93,4.0,0.0,2.0,6,6.0,59,1.0,0.0,0.0,0.0,65.78999999999999,86.8428,0
11.3,4.0,1.0,2.0,15,8.0,70,1.0,0.0,0.0,0.0,48.900000000000006,73.9368,0
6.74,3.0,1.0,0.0,21,9.0,47,0.0,1.0,0.0,0.0,41.22,52.72862400000001,0
10.49,3.0,0.0,2.0,28,9.0,66,0.0,0.0,1.0,0.0,59.47,63.39502000000001,1
8.83,0.0,1.0,1.0,12,3.0,109,0.0,1.0,0.0,0.0,38.49,43.41672,1
7.15,0.0,2.0,0.0,29,7.0,60,0.0,0.0,0.0,1.0,50.45,65.08050000000001,0
15.94,0.0,0.0,2.0,24,2.0,77,0.0,1.0,0.0,0.0,71.82,68.9472,1
11.26,2.0,2.0,2.0,14,2.0,70,1.0,0.0,0.0,0.0,47.78,82.56384,0
11.87,0.0,1.0,2.0,10,6.0,43,0.0,0.0,1.0,0.0,45.61,48.16416,0
2.83,1.0,1.0,1.0,14,6.0,28,1.0,0.0,0.0,0.0,22.490000000000002,26.124384000000006,1
11.74,0.0,0.0,0.0,20,1.0,52,1.0,0.0,0.0,0.0,55.22,54.1156,0
2.71,0.0,0.0,1.0,6,1.0,20,0.0,0.0,1.0,0.0,14.129999999999999,13.847399999999999,1
10.47,0.0,2.0,1.0,14,7.0,55,0.0,1.0,0.0,0.0,45.410000000000004,58.578900000000004,0
4.5,4.0,2.0,2.0,24,0.0,66,0.0,1.0,0.0,0.0,37.5,84.375,0
19.74,0.0,0.0,0.0,21,7.0,71,0.0,0.0,1.0,0.0,80.22,68.9892,1
1.23,0.0,0.0,2.0,18,6.0,21,0.0,1.0,0.0,0.0,21.69,19.087200000000003,1
4.83,0.0,0.0,2.0,11,1.0,29,0.0,1.0,0.0,0.0,25.490000000000002,24.9802,1
1.51,0.0,2.0,2.0,14,2.0,32,1.0,0.0,0.0,0.0,18.53,26.6832,1
1.62,1.0,0.0,2.0,9,8.0,16,0.0,1.0,0.0,0.0,13.86,12.80664,1
11.31,0.0,2.0,2.0,20,0.0,67,0.0,1.0,0.0,0.0,53.93,80.895,0
6.05,0.0,1.0,0.0,24,0.0,48,0.0,0.0,1.0,0.0,42.15,50.58,0
10.14,0.0,1.0,1.0,20,1.0,59,0.0,0.0,1.0,0.0,50.42,59.29392,0
9.45,0.0,0.0,0.0,13,0.0,49,1.0,0.0,0.0,0.0,41.349999999999994,41.349999999999994,1
6.8,0.0,2.0,2.0,28,5.0,55,0.0,1.0,0.0,0.0,48.4,65.34,0
15.65,0.0,0.0,2.0,27,0.0,76,1.0,0.0,0.0,0.0,73.95,73.95,1
2.26,0.0,1.0,1.0,6,3.0,19,0.0,0.0,1.0,0.0,12.78,14.415839999999998,1
12.05,0.0,0.0,1.0,29,4.0,61,0.0,1.0,0.0,0.0,65.15,59.93800000000001,1
8.25,1.0,1.0,0.0,24,4.0,62,0.0,1.0,0.0,0.0,48.75,59.20200000000001,1
12.85,3.0,1.0,1.0,23,0.0,80,1.0,0.0,0.0,0.0,61.55,96.018,0
15.14,1.0,1.0,2.0,15,4.0,71,0.0,0.0,1.0,0.0,60.42,73.37404800000002,0
4.59,2.0,0.0,1.0,19,8.0,36,0.0,1.0,0.0,0.0,32.769999999999996,33.03215999999999,1
12.02,0.0,0.0,2.0,26,0.0,63,1.0,0.0,0.0,0.0,62.06,62.06,1
19.8,0.0,2.0,2.0,7,3.0,88,0.0,1.0,0.0,0.0,66.4,93.62400000000001,0
19.27,2.0,2.0,2.0,14,6.0,92,1.0,0.0,0.0,0.0,71.81,113.74704000000001,0
4.92,0.0,2.0,1.0,12,0.0,41,0.0,0.0,1.0,0.0,26.759999999999998,40.14,1
1.63,3.0,1.0,2.0,24,5.0,38,0.0,0.0,0.0,1.0,28.89,40.56156000000001,0
18.04,0.0,1.0,2.0,8,5.0,71,0.0,0.0,1.0,0.0,62.12,67.0896,1
19.4,4.0,1.0,1.0,23,9.0,92,1.0,0.0,0.0,0.0,81.19999999999999,119.85119999999998,0
16.4,0.0,2.0,1.0,12,2.0,70,0.0,0.0,1.0,0.0,61.199999999999996,88.128,0
12.01,0.0,0.0,0.0,5,7.0,42,0.0,0.0,1.0,0.0,41.03,35.2858,1
18.46,0.0,1.0,1.0,29,1.0,153,0.0,0.0,1.0,0.0,84.38,99.23087999999998,1
13.09,1.0,0.0,1.0,17,1.0,69,0.0,0.0,1.0,0.0,56.269999999999996,60.65906,1
1.22,2.0,2.0,1.0,14,2.0,38,1.0,0.0,0.0,0.0,17.66,30.516479999999998,1
10.36,3.0,1.0,2.0,7,8.0,39,1.0,0.0,0.0,0.0,38.08,49.900032,0
4.31,3.0,1.0,2.0,9,2.0,35,1.0,0.0,0.0,0.0,21.93,32.842368,1
13.32,1.0,1.0,2.0,26,0.0,71,1.0,0.0,0.0,0.0,65.96000000000001,87.06720000000001,0
16.1,0.0,0.0,0.0,16,6.0,61,0.0,0.0,1.0,0.0,64.30000000000001,56.58400000000001,1
14.11,3.0,2.0,1.0,24,3.0,93,0.0,0.0,1.0,0.0,66.33,121.58288999999999,0
2.84,0.0,1.0,1.0,28,1.0,44,0.0,0.0,0.0,1.0,36.519999999999996,42.94751999999999,1
16.09,4.0,0.0,0.0,13,6.0,69,0.0,0.0,1.0,0.0,61.269999999999996,80.8764,0
16.05,4.0,1.0,2.0,11,2.0,89,0.0,1.0,0.0,0.0,59.150000000000006,102.21119999999999,0
13.37,1.0,2.0,1.0,17,8.0,63,1.0,0.0,0.0,0.0,57.11,79.15446,0
10.16,4.0,1.0,2.0,10,1.0,67,0.0,0.0,0.0,1.0,40.480000000000004,71.40672,0
6.13,0.0,1.0,1.0,22,0.0,48,0.0,0.0,0.0,1.0,40.39,48.467999999999996,0
4.96,3.0,0.0,0.0,10,7.0,28,1.0,0.0,0.0,0.0,24.88,27.81584,1
3.0,0.0,0.0,1.0,29,1.0,43,0.0,0.0,1.0,0.0,38.0,37.24,1
2.23,4.0,1.0,0.0,14,0.0,41,0.0,1.0,0.0,0.0,20.689999999999998,37.24199999999999,1
17.96,0.0,1.0,1.0,26,0.0,74,0.0,1.0,0.0,0.0,79.88,95.856,0
7.8,3.0,1.0,2.0,11,7.0,49,0.0,0.0,1.0,0.0,34.4,46.151039999999995,1
10.9,0.0,2.0,1.0,6,8.0,47,1.0,0.0,0.0,0.0,38.7,48.762,0
3.17,0.0,0.0,2.0,17,1.0,28,1.0,0.0,0.0,0.0,26.509999999999998,25.979799999999997,1
9.39,1.0,1.0,1.0,21,9.0,50,0.0,0.0,1.0,0.0,49.17,53.22160800000001,0
17.44,0.0,0.0,2.0,25,9.0,89,0.0,1.0,0.0,0.0,77.32000000000001,63.402400000000014,1
3.02,3.0,1.0,2.0,23,1.0,46,0.0,0.0,1.0,0.0,32.06,49.013328,0
19.99,3.0,2.0,2.0,17,1.0,112,0.0,1.0,0.0,0.0,76.97,147.08966999999998,0
16.22,3.0,2.0,2.0,22,0.0,102,0.0,1.0,0.0,0.0,70.66,137.787,0
2.74,0.0,2.0,2.0,18,9.0,37,1.0,0.0,0.0,0.0,26.22,32.2506,1
5.74,3.0,2.0,2.0,13,9.0,46,0.0,1.0,0.0,0.0,30.22,48.321780000000004,0
9.75,0.0,0.0,2.0,22,7.0,50,1.0,0.0,0.0,0.0,51.25,44.075,1
15.62,3.0,1.0,1.0,23,7.0,78,1.0,0.0,0.0,0.0,69.86,93.724176,0
16.54,3.0,1.0,2.0,25,7.0,77,1.0,0.0,0.0,0.0,74.62,100.110192,0
7.84,3.0,0.0,1.0,7,8.0,36,0.0,0.0,1.0,0.0,30.52,33.32784,1
17.44,0.0,0.0,0.0,23,0.0,85,0.0,0.0,0.0,1.0,75.32000000000001,75.32000000000001,1
11.08,1.0,2.0,2.0,16,6.0,70,1.0,0.0,0.0,0.0,49.24,71.49648,0
17.61,0.0,1.0,1.0,21,9.0,79,0.0,1.0,0.0,0.0,73.83,72.64872,1
8.28,4.0,0.0,0.0,29,7.0,58,0.0,1.0,0.0,0.0,53.839999999999996,69.4536,0
15.32,0.0,1.0,2.0,17,6.0,80,0.0,0.0,1.0,0.0,62.96,66.48576,1
3.83,3.0,0.0,0.0,27,3.0,49,0.0,1.0,0.0,0.0,38.49,47.034780000000005,1
3.25,3.0,1.0,1.0,29,0.0,51,0.0,1.0,0.0,0.0,38.75,60.45,0
19.75,0.0,1.0,2.0,25,1.0,103,0.0,0.0,1.0,0.0,84.25,99.07799999999999,1
15.19,2.0,0.0,1.0,6,4.0,53,0.0,1.0,0.0,0.0,51.57,56.93328,0
8.92,1.0,1.0,2.0,25,4.0,62,0.0,0.0,1.0,0.0,51.76,62.857344000000005,0
18.63,1.0,0.0,2.0,11,5.0,85,1.0,0.0,0.0,0.0,66.89,66.2211,1
12.74,0.0,0.0,1.0,18,0.0,67,0.0,0.0,0.0,1.0,56.22,56.22,1
18.13,3.0,2.0,2.0,21,2.0,88,0.0,1.0,0.0,0.0,75.39,141.13008,0
2.47,3.0,0.0,0.0,22,6.0,34,1.0,0.0,0.0,0.0,29.41,33.64504,1
18.15,1.0,1.0,2.0,11,2.0,89,0.0,0.0,1.0,0.0,65.44999999999999,82.93823999999998,1
1.74,2.0,2.0,1.0,8,9.0,28,1.0,0.0,0.0,0.0,13.219999999999999,19.512719999999998,1
5.79,1.0,1.0,2.0,26,6.0,49,0.0,0.0,1.0,0.0,43.370000000000005,50.37859200000001,0
5.75,1.0,2.0,1.0,7,4.0,37,0.0,0.0,1.0,0.0,24.25,36.8115,1
17.41,4.0,1.0,2.0,20,4.0,80,0.0,1.0,0.0,0.0,72.23,119.61288000000002,0
1.2,3.0,0.0,1.0,24,7.0,33,0.0,0.0,1.0,0.0,27.6,30.856800000000003,1
8.07,1.0,0.0,2.0,21,4.0,48,0.0,1.0,0.0,0.0,45.21,45.752520000000004,1
1.88,0.0,1.0,1.0,24,7.0,35,0.0,0.0,1.0,0.0,29.64,30.588479999999997,1
0.72,3.0,1.0,1.0,9,2.0,23,1.0,0.0,0.0,0.0,11.16,16.713216,1
14.19,0.0,1.0,2.0,9,1.0,57,1.0,0.0,0.0,0.0,51.57,60.646319999999996,0
16.73,1.0,2.0,1.0,9,7.0,71,1.0,0.0,0.0,0.0,59.19,83.99061,0
18.53,3.0,0.0,1.0,8,8.0,57,1.0,0.0,0.0,0.0,63.59,69.44028,0
4.32,0.0,0.0,2.0,21,9.0,34,0.0,0.0,1.0,0.0,33.96,27.847200000000004,1
13.6,2.0,2.0,2.0,9,7.0,61,0.0,1.0,0.0,0.0,49.8,77.09039999999999,0
18.46,3.0,0.0,2.0,19,9.0,94,0.0,0.0,1.0,0.0,74.38,79.28908000000001,1
7.67,1.0,0.0,0.0,9,2.0,31,0.0,0.0,1.0,0.0,32.01,33.80256,0
8.23,4.0,0.0,2.0,17,3.0,56,0.0,1.0,0.0,0.0,41.69,58.78289999999999,0
13.44,0.0,0.0,2.0,29,0.0,63,0.0,0.0,0.0,1.0,69.32,69.32,0
15.04,0.0,0.0,0.0,24,5.0,60,0.0,0.0,1.0,0.0,69.12,62.208000000000006,0
7.48,0.0,1.0,0.0,21,4.0,52,0.0,0.0,1.0,0.0,43.44,47.95775999999999,1
10.11,3.0,1.0,1.0,23,2.0,63,1.0,0.0,0.0,0.0,53.33,79.867008,0
10.88,4.0,0.0,0.0,13,3.0,52,1.0,0.0,0.0,0.0,45.64,64.3524,0
13.97,4.0,0.0,1.0,14,8.0,52,0.0,1.0,0.0,0.0,55.910000000000004,70.4466,0
3.48,2.0,0.0,1.0,9,1.0,31,1.0,0.0,0.0,0.0,19.439999999999998,22.861439999999995,1
10.73,2.0,0.0,2.0,6,6.0,35,0.0,0.0,1.0,0.0,38.19,40.32864,0
5.18,0.0,1.0,0.0,9,2.0,30,1.0,0.0,0.0,0.0,24.54,28.270079999999997,1
8.47,2.0,1.0,2.0,24,0.0,68,0.0,1.0,0.0,0.0,49.410000000000004,71.1504,0
15.64,3.0,0.0,2.0,20,4.0,141,0.0,0.0,1.0,0.0,66.92,80.03632000000002,1
10.95,4.0,1.0,2.0,9,1.0,65,1.0,0.0,0.0,0.0,41.849999999999994,73.82339999999998,0
19.29,1.0,1.0,1.0,7,8.0,84,0.0,1.0,0.0,0.0,64.87,71.927856,1
2.59,1.0,1.0,2.0,13,5.0,28,0.0,0.0,1.0,0.0,20.77,24.674760000000003,1
3.98,0.0,2.0,0.0,19,3.0,41,0.0,0.0,0.0,1.0,30.939999999999998,43.62539999999999,0
6.06,2.0,0.0,1.0,10,8.0,41,1.0,0.0,0.0,0.0,28.18,28.405439999999995,1
6.72,2.0,0.0,2.0,8,5.0,31,0.0,1.0,0.0,0.0,28.16,30.4128,1
19.04,0.0,1.0,1.0,27,2.0,85,0.0,0.0,1.0,0.0,84.12,96.90624,0
14.28,1.0,2.0,1.0,23,5.0,77,1.0,0.0,0.0,0.0,65.84,97.7724,0
16.26,3.0,2.0,2.0,16,6.0,70,0.0,0.0,1.0,0.0,64.78,111.16248000000002,0
4.25,0.0,0.0,2.0,5,4.0,22,1.0,0.0,0.0,0.0,17.75,16.330000000000002,1
12.26,0.0,0.0,2.0,20,2.0,66,1.0,0.0,0.0,0.0,56.78,54.5088,1
19.81,0.0,0.0,2.0,27,1.0,74,1.0,0.0,0.0,0.0,86.42999999999999,84.70139999999999,0
18.2,1.0,1.0,2.0,27,1.0,108,0.0,0.0,1.0,0.0,81.6,105.55775999999999,1
12.85,3.0,1.0,1.0,14,8.0,73,0.0,0.0,1.0,0.0,52.55,68.86152,1
6.91,0.0,0.0,2.0,27,8.0,91,0.0,1.0,0.0,0.0,47.730000000000004,40.0932,1
9.64,0.0,0.0,2.0,10,5.0,46,0.0,0.0,1.0,0.0,38.92,35.028000000000006,1
9.64,3.0,1.0,2.0,14,6.0,52,0.0,1.0,0.0,0.0,42.92,58.920576000000004,0
2.28,2.0,1.0,1.0,27,6.0,44,0.0,0.0,1.0,0.0,33.84,42.882048000000005,1
15.34,3.0,0.0,2.0,18,6.0,54,1.0,0.0,0.0,0.0,64.02,73.23888,0
3.22,3.0,1.0,2.0,14,8.0,34,0.0,0.0,0.0,1.0,23.66,31.004063999999996,1
9.71,0.0,0.0,2.0,8,1.0,49,0.0,0.0,1.0,0.0,37.13,36.3874,1
17.18,0.0,1.0,1.0,13,1.0,62,0.0,0.0,0.0,1.0,64.53999999999999,75.89903999999999,0
5.3,0.0,1.0,1.0,29,3.0,47,1.0,0.0,0.0,0.0,44.9,50.64719999999999,0
10.0,0.0,1.0,1.0,6,9.0,47,1.0,0.0,0.0,0.0,36.0,35.424,1
10.75,3.0,1.0,2.0,8,6.0,60,0.0,0.0,1.0,0.0,40.25,55.2552,1
9.49,3.0,1.0,0.0,23,6.0,53,0.0,0.0,1.0,0.0,51.47,70.658016,0
7.24,0.0,1.0,2.0,28,7.0,57,1.0,0.0,0.0,0.0,49.72,51.31103999999999,1
16.09,3.0,0.0,2.0,21,8.0,66,0.0,0.0,1.0,0.0,69.27,75.64283999999999,0
15.53,0.0,0.0,2.0,26,6.0,83,0.0,0.0,1.0,0.0,72.59,63.879200000000004,1
19.41,1.0,0.0,2.0,11,8.0,62,0.0,0.0,1.0,0.0,69.23,63.968520000000005,0
17.24,0.0,0.0,2.0,17,5.0,69,0.0,1.0,0.0,0.0,68.72,61.848,1
11.33,0.0,0.0,2.0,25,3.0,60,0.0,0.0,1.0,0.0,58.99,55.4506,1
18.23,3.0,0.0,1.0,27,9.0,86,1.0,0.0,0.0,0.0,81.69,87.08154,0
1.17,0.0,1.0,2.0,16,9.0,25,0.0,0.0,1.0,0.0,19.509999999999998,19.19784,1
5.33,0.0,0.0,0.0,29,1.0,51,0.0,1.0,0.0,0.0,44.99,44.0902,1
4.14,3.0,0.0,2.0,23,2.0,41,0.0,0.0,1.0,0.0,35.42,44.20416,0
2.02,0.0,2.0,2.0,28,5.0,44,0.0,1.0,0.0,0.0,34.06,45.981,0
14.46,3.0,1.0,1.0,11,9.0,68,0.0,0.0,1.0,0.0,54.38,69.56289600000001,0
3.86,0.0,1.0,2.0,21,8.0,34,1.0,0.0,0.0,0.0,32.58,32.84063999999999,1
12.59,1.0,1.0,2.0,13,9.0,62,0.0,0.0,1.0,0.0,50.769999999999996,54.953447999999995,1
1.11,0.0,2.0,1.0,22,8.0,35,0.0,0.0,1.0,0.0,25.33,31.915799999999997,1
9.11,0.0,0.0,2.0,19,6.0,42,1.0,0.0,0.0,0.0,46.33,40.7704,1
18.77,4.0,1.0,2.0,24,0.0,115,0.0,1.0,0.0,0.0,80.31,144.558,0
16.35,2.0,1.0,2.0,16,6.0,67,0.0,0.0,0.0,1.0,65.05000000000001,82.43136000000001,0
6.22,0.0,0.0,2.0,16,9.0,29,1.0,0.0,0.0,0.0,34.66,28.4212,1
7.78,2.0,2.0,2.0,25,3.0,74,1.0,0.0,0.0,0.0,48.34,81.79128,0
0.88,3.0,0.0,0.0,27,2.0,37,0.0,0.0,0.0,1.0,29.64,36.99072,1
16.43,0.0,0.0,2.0,13,5.0,56,0.0,1.0,0.0,0.0,62.29,56.061,0
8.04,0.0,1.0,0.0,27,0.0,65,0.0,1.0,0.0,0.0,51.12,61.343999999999994,1
18.65,2.0,0.0,0.0,19,2.0,68,0.0,0.0,0.0,1.0,74.94999999999999,86.34239999999998,0
5.73,2.0,0.0,1.0,7,2.0,30,0.0,0.0,1.0,0.0,24.19,27.86688,1
12.42,3.0,0.0,2.0,28,9.0,79,0.0,1.0,0.0,0.0,65.25999999999999,69.56716,1
2.11,0.0,0.0,1.0,28,5.0,34,1.0,0.0,0.0,0.0,34.33,30.897,1
18.62,0.0,0.0,1.0,27,6.0,75,0.0,1.0,0.0,0.0,82.86,72.9168,1
17.61,0.0,1.0,1.0,19,3.0,80,0.0,0.0,1.0,0.0,71.83,81.02423999999999,0
10.62,3.0,1.0,2.0,7,2.0,48,0.0,0.0,0.0,1.0,38.86,58.196736,0
18.83,0.0,1.0,2.0,8,0.0,68,0.0,0.0,0.0,1.0,64.49,77.38799999999999,0
14.07,0.0,1.0,2.0,16,9.0,73,0.0,0.0,1.0,0.0,58.21,57.27864000000001,1
9.29,0.0,1.0,2.0,10,9.0,40,0.0,1.0,0.0,0.0,37.87,37.26408,1
1.29,3.0,0.0,2.0,7,7.0,15,0.0,1.0,0.0,0.0,10.870000000000001,12.152660000000001,1
4.08,1.0,1.0,2.0,7,0.0,33,1.0,0.0,0.0,0.0,19.240000000000002,25.396800000000002,1
19.12,1.0,2.0,0.0,8,0.0,92,0.0,1.0,0.0,0.0,65.36,107.844,0
17.93,0.0,1.0,2.0,29,4.0,85,1.0,0.0,0.0,0.0,82.78999999999999,91.40015999999999,0
2.33,0.0,0.0,0.0,6,1.0,17,0.0,0.0,1.0,0.0,12.99,12.7302,1
3.18,3.0,1.0,2.0,21,3.0,42,0.0,1.0,0.0,0.0,30.54,44.78385599999999,0
1.97,0.0,2.0,0.0,28,7.0,43,0.0,0.0,1.0,0.0,33.91,43.7439,0
6.2,1.0,2.0,1.0,7,3.0,42,0.0,1.0,0.0,0.0,25.6,39.705600000000004,1
1.02,1.0,2.0,2.0,6,8.0,21,0.0,1.0,0.0,0.0,9.06,12.557160000000001,1
5.3,0.0,0.0,2.0,16,5.0,32,0.0,1.0,0.0,0.0,31.9,28.71,1
9.34,3.0,0.0,0.0,10,0.0,40,0.0,1.0,0.0,0.0,38.019999999999996,49.425999999999995,0
10.09,0.0,1.0,2.0,7,0.0,49,0.0,1.0,0.0,0.0,37.269999999999996,44.724,1
15.35,3.0,2.0,1.0,23,9.0,80,0.0,0.0,0.0,1.0,69.05,110.41094999999999,0
17.12,3.0,0.0,2.0,26,3.0,86,0.0,0.0,1.0,0.0,77.36,94.53392,0
3.94,4.0,0.0,2.0,19,3.0,43,1.0,0.0,0.0,0.0,30.82,43.4562,0
18.02,0.0,1.0,0.0,12,3.0,77,0.0,1.0,0.0,0.0,66.06,74.51568,1
14.41,4.0,1.0,2.0,8,8.0,75,0.0,1.0,0.0,0.0,51.230000000000004,77.45976,0
11.44,3.0,1.0,0.0,20,2.0,57,0.0,1.0,0.0,0.0,54.32,81.349632,0
15.23,2.0,0.0,0.0,6,0.0,52,0.0,0.0,1.0,0.0,51.69,62.02799999999999,0
1.95,0.0,0.0,1.0,16,2.0,23,0.0,0.0,1.0,0.0,21.85,20.976,1
7.72,3.0,1.0,2.0,11,,36,0.0,0.0,1.0,0.0,34.16,,0
11.78,0.0,0.0,1.0,26,3.0,71,1.0,0.0,0.0,0.0,61.339999999999996,57.65959999999999,1
3.4,1.0,1.0,2.0,11,6.0,30,0.0,0.0,1.0,0.0,21.2,24.625919999999997,1
2.14,0.0,2.0,2.0,18,3.0,34,0.0,1.0,0.0,0.0,24.42,34.4322,0
10.04,3.0,2.0,2.0,12,9.0,59,1.0,0.0,0.0,0.0,42.12,67.34988,0
14.72,0.0,1.0,1.0,15,8.0,80,0.0,1.0,0.0,0.0,59.160000000000004,59.63328,1
3.7,0.0,1.0,2.0,28,7.0,45,0.0,0.0,1.0,0.0,39.1,40.3512,1
19.73,3.0,0.0,2.0,8,8.0,64,0.0,1.0,0.0,0.0,67.19,73.37147999999999,0
10.83,0.0,1.0,1.0,8,9.0,51,0.0,1.0,0.0,0.0,40.49,39.84216000000001,1
16.3,2.0,0.0,0.0,12,1.0,100,0.0,0.0,1.0,0.0,60.900000000000006,71.6184,1
5.98,2.0,2.0,2.0,14,6.0,44,0.0,0.0,1.0,0.0,31.94,50.592960000000005,0
5.98,3.0,2.0,2.0,21,2.0,60,0.0,0.0,1.0,0.0,38.94,72.89567999999998,0
4.14,2.0,1.0,2.0,21,0.0,46,0.0,0.0,1.0,0.0,33.42,48.1248,0
16.68,0.0,1.0,2.0,9,9.0,63,1.0,0.0,0.0,0.0,59.04,58.09536000000001,1
18.69,1.0,1.0,2.0,23,9.0,74,0.0,0.0,0.0,1.0,79.07000000000001,85.58536800000002,0
18.44,3.0,2.0,2.0,27,7.0,80,0.0,0.0,1.0,0.0,82.32000000000001,138.05064000000002,0
13.0,1.0,2.0,2.0,22,8.0,65,0.0,0.0,1.0,0.0,61.0,84.546,0
16.45,0.0,1.0,1.0,25,3.0,87,0.0,1.0,0.0,0.0,74.35,83.86679999999998,1
16.17,0.0,1.0,0.0,10,2.0,116,0.0,1.0,0.0,0.0,58.510000000000005,67.40352,1
17.88,0.0,1.0,2.0,29,3.0,98,0.0,1.0,0.0,0.0,82.64,93.21791999999999,1
5.23,0.0,1.0,1.0,19,4.0,37,0.0,0.0,1.0,0.0,34.69,38.29776,0
4.32,0.0,1.0,2.0,17,4.0,36,0.0,0.0,1.0,0.0,29.96,33.07584,1
9.09,3.0,1.0,2.0,6,7.0,43,0.0,0.0,1.0,0.0,33.269999999999996,44.63503199999999,0
12.67,1.0,1.0,1.0,7,3.0,43,0.0,0.0,1.0,0.0,45.01,55.84840799999999,0
1.85,0.0,1.0,2.0,10,1.0,24,0.0,1.0,0.0,0.0,15.55,18.2868,1
7.51,3.0,0.0,0.0,27,6.0,50,0.0,1.0,0.0,0.0,49.53,56.66232000000001,0
6.58,0.0,0.0,2.0,13,1.0,34,1.0,0.0,0.0,0.0,32.74,32.0852,1
12.7,0.0,0.0,1.0,22,2.0,57,0.0,0.0,1.0,0.0,60.099999999999994,57.69599999999999,0
7.31,2.0,1.0,2.0,26,2.0,65,1.0,0.0,0.0,0.0,47.93,66.258432,0
9.2,0.0,2.0,1.0,9,9.0,48,0.0,0.0,1.0,0.0,36.599999999999994,45.017999999999994,1
10.22,2.0,0.0,1.0,21,0.0,61,1.0,0.0,0.0,0.0,51.660000000000004,61.992000000000004,0
8.15,0.0,2.0,1.0,12,9.0,43,0.0,1.0,0.0,0.0,36.45,44.83350000000001,0
10.61,0.0,1.0,2.0,17,0.0,59,0.0,0.0,1.0,0.0,48.83,58.596,1
7.73,0.0,2.0,2.0,29,5.0,58,0.0,0.0,0.0,1.0,52.19,70.4565,0
19.66,0.0,0.0,0.0,19,6.0,70,0.0,0.0,1.0,0.0,77.98,68.6224,1
14.66,4.0,2.0,0.0,5,6.0,71,0.0,0.0,1.0,0.0,48.980000000000004,96.9804,0
9.73,0.0,0.0,2.0,29,6.0,60,1.0,0.0,0.0,0.0,58.19,51.2072,1
14.52,0.0,1.0,0.0,26,5.0,86,1.0,0.0,0.0,0.0,69.56,75.1248,1
5.93,2.0,2.0,1.0,27,1.0,106,0.0,0.0,1.0,0.0,44.79,79.00956,1
4.94,3.0,2.0,1.0,28,4.0,63,0.0,1.0,0.0,0.0,42.82,76.81908000000001,0
11.88,3.0,2.0,0.0,29,9.0,78,1.0,0.0,0.0,0.0,64.64,103.35936000000002,0
19.41,2.0,1.0,0.0,7,6.0,66,0.0,0.0,1.0,0.0,65.23,82.65945599999999,0
3.68,0.0,2.0,0.0,16,6.0,47,1.0,0.0,0.0,0.0,27.04,35.692800000000005,1
11.06,0.0,2.0,2.0,6,9.0,53,0.0,1.0,0.0,0.0,39.18,48.1914,1
10.2,3.0,1.0,2.0,18,9.0,56,1.0,0.0,0.0,0.0,48.599999999999994,62.16911999999999,0
0.74,3.0,0.0,0.0,13,4.0,21,0.0,0.0,1.0,0.0,15.219999999999999,18.20312,1
15.21,4.0,1.0,2.0,20,9.0,90,1.0,0.0,0.0,0.0,65.63,96.86988,0
7.69,3.0,2.0,1.0,16,3.0,58,0.0,0.0,1.0,0.0,39.07,71.61531000000001,0
11.21,0.0,2.0,1.0,23,1.0,76,1.0,0.0,0.0,0.0,56.63,83.24610000000001,0
6.18,0.0,1.0,2.0,9,9.0,35,0.0,1.0,0.0,0.0,27.54,27.099359999999997,1
2.71,0.0,1.0,0.0,6,5.0,19,0.0,0.0,1.0,0.0,14.129999999999999,15.2604,1
3.49,0.0,1.0,2.0,17,2.0,38,0.0,0.0,1.0,0.0,27.47,31.645439999999997,1
9.29,0.0,1.0,2.0,17,2.0,49,0.0,0.0,1.0,0.0,44.87,51.690239999999996,0
0.71,2.0,0.0,2.0,29,1.0,41,0.0,0.0,0.0,1.0,31.13,36.60887999999999,1
5.32,3.0,0.0,1.0,27,2.0,48,1.0,0.0,0.0,0.0,42.96,53.61408,0
4.1,0.0,1.0,0.0,18,3.0,38,0.0,1.0,0.0,0.0,30.299999999999997,34.17839999999999,1
13.84,0.0,0.0,1.0,18,,64,0.0,0.0,1.0,0.0,59.519999999999996,,0
3.9,3.0,2.0,0.0,25,9.0,54,0.0,0.0,1.0,0.0,36.7,58.68330000000002,0
18.6,3.0,1.0,0.0,28,9.0,77,0.0,0.0,1.0,0.0,83.80000000000001,107.19696000000003,0
14.88,4.0,1.0,2.0,10,0.0,64,0.0,1.0,0.0,0.0,54.64,98.352,0
3.63,1.0,1.0,0.0,22,9.0,39,0.0,0.0,1.0,0.0,32.89,35.600136,1
3.22,1.0,2.0,0.0,7,7.0,27,0.0,0.0,1.0,0.0,16.66,23.640540000000005,1
11.51,2.0,0.0,0.0,5,7.0,57,1.0,0.0,0.0,0.0,39.53,40.794959999999996,1
19.72,3.0,0.0,2.0,27,6.0,109,1.0,0.0,0.0,0.0,86.16,98.56703999999999,1
11.08,0.0,0.0,1.0,28,2.0,58,0.0,1.0,0.0,0.0,61.24,58.7904,0
3.95,0.0,1.0,0.0,28,5.0,47,0.0,0.0,1.0,0.0,39.85,43.038000000000004,1
7.29,0.0,2.0,0.0,11,7.0,48,0.0,1.0,0.0,0.0,32.870000000000005,42.402300000000004,1
10.3,0.0,0.0,0.0,12,7.0,41,0.0,0.0,1.0,0.0,42.900000000000006,36.894000000000005,1
10.73,3.0,2.0,0.0,27,6.0,83,1.0,0.0,0.0,0.0,59.19,101.57004,0
17.28,0.0,0.0,0.0,28,3.0,72,0.0,0.0,1.0,0.0,79.84,75.0496,0
13.37,2.0,1.0,1.0,16,9.0,71,0.0,1.0,0.0,0.0,56.11,66.25468799999999,1
11.36,0.0,1.0,1.0,8,2.0,52,0.0,0.0,1.0,0.0,42.08,48.47615999999999,1
7.58,0.0,2.0,1.0,19,9.0,57,1.0,0.0,0.0,0.0,41.74,51.3402,1
6.13,3.0,2.0,2.0,25,6.0,59,0.0,0.0,1.0,0.0,43.39,74.45724000000001,0
2.32,0.0,0.0,1.0,23,1.0,32,1.0,0.0,0.0,0.0,29.96,29.3608,1
17.49,3.0,0.0,2.0,27,9.0,97,0.0,1.0,0.0,0.0,79.47,84.71502000000001,1
1.69,1.0,1.0,0.0,11,7.0,20,1.0,0.0,0.0,0.0,16.07,18.242663999999998,1
4.52,0.0,0.0,0.0,17,0.0,71,0.0,1.0,0.0,0.0,30.56,30.56,1
7.15,1.0,0.0,2.0,15,3.0,42,0.0,0.0,1.0,0.0,36.45,37.6893,1
10.86,1.0,1.0,0.0,10,4.0,60,0.0,0.0,1.0,0.0,42.58,51.709152,1
15.88,3.0,0.0,0.0,17,1.0,68,0.0,1.0,0.0,0.0,64.64,82.35136000000001,0
9.7,4.0,0.0,2.0,6,,45,0.0,1.0,0.0,0.0,35.099999999999994,,0
14.95,0.0,1.0,2.0,13,7.0,49,0.0,0.0,1.0,0.0,57.849999999999994,59.701199999999986,0
11.36,2.0,0.0,2.0,6,4.0,47,1.0,0.0,0.0,0.0,40.08,44.24832,1
12.14,2.0,2.0,2.0,12,0.0,65,1.0,0.0,0.0,0.0,48.42,87.15599999999999,0
16.31,2.0,1.0,0.0,14,7.0,71,1.0,0.0,0.0,0.0,62.92999999999999,77.93251199999999,0
14.7,0.0,1.0,1.0,24,5.0,75,0.0,1.0,0.0,0.0,68.1,73.54799999999999,1
13.42,3.0,1.0,2.0,6,6.0,105,0.0,1.0,0.0,0.0,46.26,63.505728,1
7.9,0.0,0.0,1.0,22,,48,1.0,0.0,0.0,0.0,45.7,,0
15.35,2.0,0.0,0.0,5,3.0,56,0.0,0.0,1.0,0.0,51.05,57.58439999999999,0
15.12,2.0,0.0,2.0,14,1.0,58,0.0,0.0,1.0,0.0,59.36,69.80736,0
0.82,1.0,0.0,0.0,18,9.0,23,0.0,0.0,1.0,0.0,20.46,18.454920000000005,1
6.43,0.0,0.0,0.0,9,7.0,26,0.0,1.0,0.0,0.0,28.29,24.3294,1
8.66,4.0,2.0,2.0,29,3.0,77,0.0,0.0,1.0,0.0,54.980000000000004,116.28269999999999,0
11.16,2.0,1.0,0.0,21,4.0,77,1.0,0.0,0.0,0.0,54.480000000000004,72.175104,1
18.77,2.0,0.0,0.0,15,,71,1.0,0.0,0.0,0.0,71.31,,0
5.84,0.0,1.0,2.0,21,7.0,35,0.0,1.0,0.0,0.0,38.519999999999996,39.75264,0
1.01,0.0,2.0,2.0,17,7.0,29,0.0,0.0,0.0,1.0,20.03,25.8387,1
3.92,3.0,1.0,2.0,20,9.0,41,0.0,0.0,0.0,1.0,31.759999999999998,40.627392,1
12.77,2.0,0.0,2.0,22,8.0,71,0.0,0.0,1.0,0.0,60.31,60.79248,1
2.33,0.0,0.0,2.0,9,2.0,18,0.0,1.0,0.0,0.0,15.99,15.3504,1
2.92,1.0,2.0,2.0,24,4.0,48,1.0,0.0,0.0,0.0,32.76,49.72968,0
13.35,3.0,0.0,1.0,14,4.0,91,0.0,1.0,0.0,0.0,54.05,64.6438,1
5.26,3.0,1.0,1.0,28,8.0,51,0.0,1.0,0.0,0.0,43.78,57.369312,0
4.39,2.0,1.0,2.0,12,8.0,38,0.0,0.0,0.0,1.0,25.169999999999998,30.445631999999996,1
8.67,1.0,2.0,2.0,20,4.0,55,0.0,0.0,1.0,0.0,46.01,69.84318000000002,0
16.53,4.0,0.0,1.0,24,9.0,99,1.0,0.0,0.0,0.0,73.59,90.51570000000001,1
13.47,0.0,1.0,2.0,19,4.0,59,0.0,1.0,0.0,0.0,59.410000000000004,65.58864,0
18.86,4.0,1.0,2.0,18,1.0,89,0.0,0.0,0.0,1.0,74.58,131.55912,0
12.81,0.0,0.0,2.0,12,2.0,51,0.0,0.0,1.0,0.0,50.43,48.4128,1
2.4,4.0,0.0,1.0,27,5.0,42,0.0,0.0,0.0,1.0,34.2,46.17,0
7.44,3.0,1.0,2.0,6,1.0,39,0.0,1.0,0.0,0.0,28.32,43.295616,0
1.89,0.0,1.0,1.0,13,7.0,22,0.0,1.0,0.0,0.0,18.67,19.26744,1
19.28,4.0,1.0,0.0,21,3.0,101,0.0,0.0,1.0,0.0,78.84,133.39728,0
6.29,0.0,1.0,1.0,10,7.0,27,0.0,0.0,1.0,0.0,28.87,29.79384,0
1.81,0.0,1.0,0.0,23,3.0,34,1.0,0.0,0.0,0.0,28.43,32.06904,1
1.74,0.0,1.0,2.0,23,2.0,34,0.0,0.0,0.0,1.0,28.22,32.50944,1
13.44,0.0,1.0,0.0,22,1.0,79,0.0,0.0,1.0,0.0,62.32,73.28831999999998,1
7.11,0.0,0.0,1.0,27,,48,1.0,0.0,0.0,0.0,48.33,,0
4.5,1.0,0.0,1.0,20,6.0,32,0.0,1.0,0.0,0.0,33.5,32.428000000000004,0
8.31,1.0,1.0,2.0,6,5.0,44,0.0,0.0,1.0,0.0,30.93,36.74484,1
16.37,0.0,2.0,2.0,26,7.0,97,0.0,0.0,1.0,0.0,75.11,96.89189999999999,1
9.78,0.0,1.0,2.0,18,3.0,58,1.0,0.0,0.0,0.0,47.339999999999996,53.39951999999999,1
4.88,1.0,1.0,1.0,26,7.0,48,1.0,0.0,0.0,0.0,40.64,46.134528,1
5.54,3.0,1.0,1.0,28,9.0,51,0.0,0.0,1.0,0.0,44.620000000000005,57.07790400000001,0
11.54,0.0,2.0,0.0,10,0.0,56,1.0,0.0,0.0,0.0,44.62,66.92999999999999,0
12.85,0.0,0.0,1.0,5,,54,1.0,0.0,0.0,0.0,43.55,,0
5.56,0.0,0.0,1.0,19,5.0,31,1.0,0.0,0.0,0.0,35.68,32.112,0
3.33,0.0,1.0,1.0,24,2.0,44,0.0,1.0,0.0,0.0,33.99,39.15648,1
3.47,4.0,2.0,2.0,24,9.0,53,0.0,0.0,0.0,1.0,34.41,63.48644999999999,0
12.01,0.0,0.0,1.0,26,6.0,57,0.0,0.0,1.0,0.0,62.03,54.586400000000005,1
15.98,2.0,0.0,0.0,21,6.0,90,0.0,0.0,1.0,0.0,68.94,72.80064,1
3.64,0.0,0.0,1.0,16,3.0,26,0.0,0.0,1.0,0.0,26.92,25.3048,1
19.47,0.0,0.0,2.0,16,8.0,83,0.0,0.0,1.0,0.0,74.41,62.5044,1
15.51,3.0,1.0,1.0,10,8.0,81,0.0,0.0,1.0,0.0,56.53,74.07691200000001,1
10.42,1.0,1.0,2.0,28,3.0,72,1.0,0.0,0.0,0.0,59.26,73.529808,0
15.9,3.0,0.0,0.0,19,5.0,78,0.0,1.0,0.0,0.0,66.7,78.03900000000002,0
15.17,1.0,0.0,2.0,25,4.0,77,0.0,0.0,1.0,0.0,70.50999999999999,71.35611999999999,1
2.78,3.0,0.0,2.0,21,4.0,37,0.0,0.0,1.0,0.0,29.34,35.09064000000001,1
1.98,3.0,0.0,2.0,22,0.0,39,1.0,0.0,0.0,0.0,27.939999999999998,36.321999999999996,1
14.03,0.0,0.0,2.0,17,2.0,65,1.0,0.0,0.0,0.0,59.089999999999996,56.72639999999999,1
2.06,2.0,1.0,1.0,22,4.0,40,0.0,1.0,0.0,0.0,28.18,37.332863999999994,1
11.02,0.0,2.0,1.0,22,2.0,70,0.0,0.0,1.0,0.0,55.06,79.2864,0
17.95,4.0,2.0,1.0,16,,96,0.0,0.0,1.0,0.0,69.85,,0
5.17,2.0,0.0,2.0,29,0.0,56,0.0,0.0,1.0,0.0,44.51,53.412,1
16.62,4.0,0.0,2.0,26,8.0,94,1.0,0.0,0.0,0.0,75.86,95.58359999999999,0
0.71,3.0,0.0,0.0,25,8.0,31,0.0,0.0,1.0,0.0,27.13,29.62596,1
13.44,0.0,1.0,1.0,9,5.0,55,0.0,1.0,0.0,0.0,49.32,53.2656,1
13.1,0.0,0.0,2.0,28,2.0,72,0.0,1.0,0.0,0.0,67.3,64.60799999999999,1
19.24,3.0,2.0,2.0,9,7.0,75,1.0,0.0,0.0,0.0,66.72,111.88944000000001,0
5.35,0.0,1.0,1.0,24,6.0,43,1.0,0.0,0.0,0.0,40.05,42.29279999999999,1
12.22,0.0,0.0,1.0,15,0.0,56,0.0,1.0,0.0,0.0,51.660000000000004,51.660000000000004,1
18.55,0.0,0.0,0.0,11,9.0,69,1.0,0.0,0.0,0.0,66.65,54.653000000000006,1
6.44,0.0,0.0,0.0,18,2.0,43,1.0,0.0,0.0,0.0,37.32,35.8272,1
8.77,2.0,1.0,0.0,14,7.0,49,0.0,1.0,0.0,0.0,40.31,49.919903999999995,0
10.97,0.0,0.0,1.0,27,3.0,51,1.0,0.0,0.0,0.0,59.910000000000004,56.3154,0
6.68,0.0,2.0,1.0,10,5.0,44,0.0,0.0,1.0,0.0,30.04,40.554,1
12.93,3.0,0.0,1.0,25,0.0,61,1.0,0.0,0.0,0.0,63.79,82.927,0
7.99,0.0,1.0,2.0,18,4.0,42,0.0,1.0,0.0,0.0,41.97,46.33488,0
15.78,0.0,2.0,1.0,12,1.0,68,1.0,0.0,0.0,0.0,59.339999999999996,87.22979999999998,0
9.95,1.0,2.0,1.0,21,5.0,72,0.0,1.0,0.0,0.0,50.849999999999994,75.51225000000001,0
13.47,3.0,0.0,1.0,7,6.0,46,1.0,0.0,0.0,0.0,47.410000000000004,54.23704000000001,0
17.19,0.0,1.0,2.0,11,8.0,76,1.0,0.0,0.0,0.0,62.57000000000001,63.07056,1
3.23,0.0,2.0,2.0,17,9.0,33,1.0,0.0,0.0,0.0,26.689999999999998,32.8287,1
1.27,2.0,2.0,2.0,25,9.0,46,1.0,0.0,0.0,0.0,28.81,42.52356,1
4.71,0.0,0.0,2.0,20,6.0,31,0.0,0.0,1.0,0.0,34.129999999999995,30.034399999999994,1
12.82,3.0,1.0,2.0,28,9.0,72,0.0,1.0,0.0,0.0,66.46000000000001,85.01563200000001,0
18.21,0.0,0.0,2.0,6,3.0,74,0.0,1.0,0.0,0.0,60.63,56.9922,1
9.51,0.0,2.0,2.0,26,9.0,63,0.0,0.0,1.0,0.0,54.53,67.0719,0
0.89,3.0,0.0,0.0,9,0.0,20,0.0,0.0,1.0,0.0,11.67,15.171000000000001,1
5.24,1.0,2.0,1.0,26,8.0,51,1.0,0.0,0.0,0.0,41.72,57.82392,0
10.64,1.0,0.0,0.0,11,9.0,36,0.0,1.0,0.0,0.0,42.92,38.713840000000005,0
13.23,0.0,1.0,2.0,20,8.0,70,0.0,0.0,0.0,1.0,59.69,60.167519999999996,1
19.03,0.0,1.0,1.0,8,8.0,65,0.0,0.0,1.0,0.0,65.09,65.61072,0
10.3,3.0,0.0,2.0,29,0.0,73,0.0,1.0,0.0,0.0,59.900000000000006,77.87,0
12.39,4.0,1.0,2.0,14,8.0,56,0.0,1.0,0.0,0.0,51.17,77.36904,0
18.8,0.0,2.0,2.0,23,7.0,95,1.0,0.0,0.0,0.0,79.4,102.426,0
16.78,3.0,1.0,2.0,22,1.0,70,0.0,0.0,1.0,0.0,72.34,110.59339200000001,0
7.85,0.0,0.0,1.0,7,9.0,34,1.0,0.0,0.0,0.0,30.549999999999997,25.051,1
11.63,0.0,1.0,1.0,29,7.0,57,0.0,0.0,0.0,1.0,63.89,65.93448,0
7.8,1.0,1.0,0.0,17,6.0,44,1.0,0.0,0.0,0.0,40.4,46.92864,0
11.88,3.0,1.0,2.0,5,1.0,63,1.0,0.0,0.0,0.0,40.64,62.130432,1
14.89,0.0,2.0,0.0,22,9.0,88,0.0,1.0,0.0,0.0,66.67,82.00410000000001,1
16.44,3.0,2.0,2.0,12,,86,1.0,0.0,0.0,0.0,61.32000000000001,,0
2.65,0.0,1.0,0.0,14,4.0,35,1.0,0.0,0.0,0.0,21.95,24.2328,1
18.01,2.0,2.0,2.0,14,2.0,71,0.0,0.0,0.0,1.0,68.03,117.55583999999999,0
10.32,0.0,1.0,0.0,24,5.0,49,0.0,0.0,0.0,1.0,54.96,59.3568,0
6.37,3.0,0.0,0.0,29,4.0,56,1.0,0.0,0.0,0.0,48.11,57.53956,0
3.74,3.0,0.0,2.0,19,6.0,36,0.0,0.0,1.0,0.0,30.22,34.57168,1
17.99,1.0,2.0,2.0,5,1.0,73,0.0,1.0,0.0,0.0,58.97,95.35449,0
13.96,3.0,0.0,2.0,5,1.0,42,0.0,0.0,0.0,1.0,46.88,59.725120000000004,0
16.02,0.0,0.0,2.0,20,7.0,61,0.0,1.0,0.0,0.0,68.06,58.531600000000005,1
7.52,0.0,1.0,0.0,17,9.0,44,1.0,0.0,0.0,0.0,39.56,38.927040000000005,1
2.51,0.0,0.0,2.0,16,2.0,28,0.0,0.0,1.0,0.0,23.53,22.5888,1
6.7,2.0,2.0,1.0,23,3.0,59,0.0,0.0,1.0,0.0,43.1,72.92519999999999,0
17.61,1.0,0.0,2.0,5,8.0,61,0.0,0.0,1.0,0.0,57.83,53.434920000000005,1
3.65,0.0,1.0,2.0,29,9.0,46,0.0,0.0,1.0,0.0,39.95,39.31080000000001,1
14.27,0.0,1.0,0.0,24,3.0,77,0.0,0.0,0.0,1.0,66.81,75.36167999999999,1
8.85,0.0,0.0,2.0,11,9.0,45,1.0,0.0,0.0,0.0,37.55,30.791,1
9.24,1.0,1.0,2.0,8,2.0,49,1.0,0.0,0.0,0.0,35.72,45.26438399999999,1
19.7,3.0,0.0,0.0,16,6.0,66,0.0,1.0,0.0,0.0,75.1,85.9144,0
11.61,0.0,2.0,0.0,19,1.0,67,0.0,0.0,1.0,0.0,53.83,79.1301,0
16.44,1.0,2.0,0.0,8,0.0,80,1.0,0.0,0.0,0.0,57.32000000000001,94.57800000000003,0
8.67,3.0,2.0,2.0,12,7.0,104,1.0,0.0,0.0,0.0,38.01,63.74277,1
5.14,0.0,1.0,1.0,23,7.0,43,0.0,1.0,0.0,0.0,38.42,39.64944,1
10.46,0.0,1.0,2.0,25,3.0,68,0.0,1.0,0.0,0.0,56.38,63.59664,1
5.23,0.0,1.0,1.0,23,2.0,47,0.0,0.0,1.0,0.0,38.69,44.570879999999995,1
10.35,0.0,1.0,2.0,7,9.0,48,0.0,0.0,0.0,1.0,38.05,37.4412,1
4.04,3.0,2.0,2.0,14,6.0,39,0.0,1.0,0.0,0.0,26.12,44.821920000000006,0
2.66,0.0,0.0,2.0,16,8.0,21,1.0,0.0,0.0,0.0,23.98,20.1432,1
17.61,2.0,1.0,2.0,9,5.0,74,1.0,0.0,0.0,0.0,61.83,80.13167999999999,0
8.48,0.0,2.0,2.0,11,5.0,39,0.0,0.0,0.0,1.0,36.44,49.193999999999996,0
17.06,0.0,0.0,2.0,9,9.0,66,0.0,1.0,0.0,0.0,60.17999999999999,49.3476,1
6.78,2.0,0.0,2.0,18,6.0,42,0.0,0.0,0.0,1.0,38.34,40.48704,1
9.0,4.0,1.0,0.0,29,3.0,78,1.0,0.0,0.0,0.0,56.0,94.75200000000001,0
12.74,0.0,0.0,1.0,12,0.0,63,1.0,0.0,0.0,0.0,50.22,50.22,1
18.72,3.0,1.0,2.0,17,0.0,89,1.0,0.0,0.0,0.0,73.16,114.12959999999998,0
3.23,0.0,0.0,2.0,7,7.0,14,0.0,0.0,1.0,0.0,16.689999999999998,14.353399999999997,0
12.56,0.0,0.0,0.0,22,8.0,49,0.0,0.0,1.0,0.0,59.68,50.1312,0
1.0,4.0,1.0,2.0,28,0.0,51,0.0,0.0,1.0,0.0,31.0,55.8,0
3.46,0.0,0.0,2.0,24,6.0,37,0.0,0.0,1.0,0.0,34.379999999999995,30.254399999999997,1
6.0,4.0,0.0,0.0,20,8.0,53,0.0,0.0,1.0,0.0,38.0,47.879999999999995,1
14.79,0.0,1.0,1.0,12,9.0,64,0.0,0.0,1.0,0.0,56.37,55.46808,1
14.65,4.0,2.0,0.0,19,3.0,95,0.0,0.0,1.0,0.0,62.95,133.13925,0
14.2,0.0,1.0,2.0,17,1.0,73,1.0,0.0,0.0,0.0,59.599999999999994,70.08959999999999,1
7.04,0.0,0.0,2.0,11,8.0,38,1.0,0.0,0.0,0.0,32.120000000000005,26.980800000000002,1
19.74,0.0,1.0,0.0,16,1.0,98,1.0,0.0,0.0,0.0,75.22,88.45872,1
11.88,3.0,1.0,2.0,20,8.0,69,0.0,1.0,0.0,0.0,55.64,72.910656,0
18.63,0.0,0.0,2.0,26,8.0,75,0.0,1.0,0.0,0.0,81.89,68.7876,1
8.8,3.0,1.0,2.0,6,2.0,38,1.0,0.0,0.0,0.0,32.400000000000006,48.522240000000004,0
11.75,0.0,2.0,2.0,9,2.0,55,0.0,0.0,1.0,0.0,44.25,63.72,0
18.95,4.0,0.0,0.0,27,0.0,92,0.0,0.0,1.0,0.0,83.85,125.77499999999999,0
7.6,2.0,0.0,2.0,16,4.0,48,0.0,0.0,1.0,0.0,38.8,42.8352,1
17.99,2.0,0.0,0.0,11,2.0,84,0.0,0.0,1.0,0.0,64.97,74.84544,1
13.82,0.0,1.0,2.0,21,9.0,72,0.0,1.0,0.0,0.0,62.46,61.460640000000005,1
15.53,2.0,0.0,2.0,26,7.0,68,0.0,1.0,0.0,0.0,72.59,74.91288,0
3.97,0.0,2.0,2.0,19,8.0,40,1.0,0.0,0.0,0.0,30.91,38.946600000000004,1
10.1,0.0,2.0,0.0,17,6.0,55,0.0,0.0,1.0,0.0,47.3,62.43599999999999,0
18.21,2.0,0.0,2.0,5,1.0,70,0.0,0.0,1.0,0.0,59.63,70.12487999999999,0
2.68,0.0,0.0,2.0,16,8.0,25,0.0,0.0,1.0,0.0,24.04,20.1936,1
3.88,4.0,0.0,2.0,9,6.0,33,0.0,0.0,1.0,0.0,20.64,27.2448,1
15.89,4.0,1.0,0.0,15,9.0,91,1.0,0.0,0.0,0.0,62.67,92.50092,0
6.73,0.0,1.0,2.0,21,1.0,54,1.0,0.0,0.0,0.0,41.19,48.43944,1
0.75,0.0,1.0,2.0,10,5.0,16,1.0,0.0,0.0,0.0,12.25,13.23,1
13.79,3.0,0.0,1.0,11,0.0,69,0.0,0.0,0.0,1.0,52.37,68.081,1
18.83,0.0,1.0,1.0,5,8.0,69,0.0,1.0,0.0,0.0,61.489999999999995,61.981919999999995,1
11.62,0.0,0.0,2.0,9,8.0,33,1.0,0.0,0.0,0.0,43.86,36.8424,0
5.03,0.0,1.0,2.0,17,,38,0.0,0.0,1.0,0.0,32.09,,0
15.08,3.0,1.0,1.0,26,1.0,94,0.0,1.0,0.0,0.0,71.24000000000001,108.91171200000002,0
10.48,3.0,0.0,0.0,10,7.0,45,1.0,0.0,0.0,0.0,41.44,46.32992,0
7.82,3.0,1.0,2.0,16,8.0,45,0.0,1.0,0.0,0.0,39.46,51.708383999999995,0
16.98,0.0,0.0,2.0,11,6.0,78,0.0,0.0,1.0,0.0,61.94,54.5072,1
14.83,3.0,0.0,0.0,19,4.0,126,0.0,0.0,1.0,0.0,63.49,75.93404000000001,1
5.67,0.0,0.0,1.0,11,9.0,27,0.0,0.0,1.0,0.0,28.009999999999998,22.9682,1
18.33,4.0,1.0,1.0,5,5.0,67,0.0,0.0,1.0,0.0,59.989999999999995,97.18379999999998,0
17.46,0.0,1.0,1.0,6,,62,0.0,0.0,1.0,0.0,58.38,,0
1.34,2.0,2.0,2.0,9,5.0,30,0.0,1.0,0.0,0.0,13.02,21.0924,1
1.38,0.0,0.0,1.0,13,9.0,17,0.0,0.0,1.0,0.0,17.14,14.054800000000002,1
3.67,0.0,0.0,2.0,9,0.0,26,0.0,0.0,1.0,0.0,20.009999999999998,20.009999999999998,1
7.86,1.0,1.0,0.0,22,2.0,55,0.0,0.0,1.0,0.0,45.58,57.758976000000004,0
8.98,0.0,1.0,1.0,22,8.0,105,1.0,0.0,0.0,0.0,48.94,49.33151999999999,1
12.85,3.0,1.0,1.0,6,7.0,61,0.0,1.0,0.0,0.0,44.55,59.76827999999999,1
17.91,0.0,0.0,2.0,6,7.0,68,1.0,0.0,0.0,0.0,59.730000000000004,51.3678,1
15.09,4.0,0.0,0.0,20,7.0,68,0.0,0.0,1.0,0.0,65.27,84.1983,0
4.22,0.0,1.0,2.0,16,7.0,35,0.0,0.0,1.0,0.0,28.66,29.577119999999997,1
12.33,0.0,2.0,2.0,7,2.0,101,0.0,0.0,0.0,1.0,43.99,63.3456,1
17.87,4.0,0.0,1.0,29,4.0,87,0.0,0.0,1.0,0.0,82.61,114.0018,0
2.16,0.0,1.0,0.0,10,1.0,23,0.0,0.0,0.0,1.0,16.48,19.38048,1
3.11,3.0,1.0,1.0,21,1.0,43,0.0,0.0,1.0,0.0,30.33,46.36850399999999,0
1.42,0.0,2.0,1.0,24,2.0,40,1.0,0.0,0.0,0.0,28.259999999999998,40.6944,0
18.57,3.0,1.0,2.0,16,7.0,89,1.0,0.0,0.0,0.0,71.71000000000001,96.206136,0
17.51,0.0,1.0,2.0,15,3.0,60,0.0,1.0,0.0,0.0,67.53,76.17384,0
6.84,0.0,1.0,2.0,25,1.0,51,0.0,1.0,0.0,0.0,45.519999999999996,53.53151999999999,0
18.34,4.0,1.0,1.0,22,,91,1.0,0.0,0.0,0.0,77.02,,0
3.51,1.0,1.0,2.0,22,2.0,44,0.0,0.0,0.0,1.0,32.53,41.222016,1
14.7,0.0,1.0,1.0,6,2.0,58,0.0,0.0,1.0,0.0,50.099999999999994,57.71519999999999,1
16.85,0.0,2.0,0.0,17,4.0,71,0.0,0.0,1.0,0.0,67.55000000000001,93.21900000000002,0
16.26,3.0,0.0,0.0,27,5.0,66,0.0,0.0,1.0,0.0,75.78,88.66260000000001,0
19.1,4.0,1.0,2.0,25,6.0,90,0.0,0.0,1.0,0.0,82.30000000000001,130.3632,0
13.71,3.0,1.0,2.0,22,9.0,64,0.0,1.0,0.0,0.0,63.13,80.755896,0
8.92,0.0,1.0,2.0,10,1.0,51,0.0,0.0,1.0,0.0,36.76,43.22975999999999,1
14.58,0.0,0.0,2.0,23,0.0,70,0.0,1.0,0.0,0.0,66.74000000000001,66.74000000000001,1
9.71,0.0,0.0,0.0,27,5.0,61,1.0,0.0,0.0,0.0,56.13,50.517,1
19.94,0.0,0.0,2.0,26,6.0,83,1.0,0.0,0.0,0.0,85.82000000000001,75.5216,1
4.53,4.0,1.0,1.0,18,4.0,49,0.0,0.0,1.0,0.0,31.59,52.31304,0
10.7,0.0,2.0,0.0,8,4.0,57,1.0,0.0,0.0,0.0,40.099999999999994,55.337999999999994,1
10.13,0.0,1.0,2.0,22,0.0,65,0.0,1.0,0.0,0.0,52.39,62.867999999999995,1
0.78,0.0,0.0,2.0,11,0.0,18,1.0,0.0,0.0,0.0,13.34,13.34,1
18.84,2.0,1.0,1.0,25,8.0,88,1.0,0.0,0.0,0.0,81.52,98.60659199999999,0
15.08,4.0,0.0,2.0,29,7.0,84,0.0,1.0,0.0,0.0,74.24000000000001,95.76960000000001,0
17.32,0.0,0.0,1.0,10,3.0,77,0.0,1.0,0.0,0.0,61.96,58.242399999999996,1
6.81,0.0,1.0,2.0,23,2.0,47,0.0,1.0,0.0,0.0,43.43,50.03136,0
2.79,0.0,2.0,2.0,23,7.0,38,0.0,0.0,1.0,0.0,31.37,40.4673,0
11.44,2.0,2.0,0.0,14,4.0,74,1.0,0.0,0.0,0.0,48.32,80.01792,0
2.44,4.0,2.0,2.0,13,9.0,39,0.0,1.0,0.0,0.0,20.32,37.4904,1
2.48,3.0,0.0,1.0,20,8.0,30,0.0,1.0,0.0,0.0,27.439999999999998,29.964479999999995,1
7.75,0.0,1.0,1.0,21,1.0,55,0.0,1.0,0.0,0.0,44.25,52.038000000000004,1
0.85,0.0,1.0,2.0,9,8.0,17,0.0,0.0,1.0,0.0,11.55,11.6424,1
8.87,0.0,0.0,2.0,19,3.0,55,0.0,1.0,0.0,0.0,45.61,42.8734,1
15.37,4.0,1.0,0.0,15,5.0,66,1.0,0.0,0.0,0.0,61.11,98.9982,0
10.29,2.0,1.0,1.0,25,4.0,67,0.0,1.0,0.0,0.0,55.87,74.016576,0
15.06,3.0,0.0,2.0,22,4.0,65,0.0,0.0,1.0,0.0,67.18,80.34728000000003,0
3.54,2.0,0.0,2.0,23,7.0,37,0.0,0.0,1.0,0.0,33.620000000000005,34.695840000000004,1
7.17,0.0,1.0,1.0,7,9.0,29,0.0,0.0,1.0,0.0,28.509999999999998,28.053839999999997,1
4.62,3.0,1.0,0.0,8,3.0,33,1.0,0.0,0.0,0.0,21.86,32.055504,1
5.53,0.0,0.0,0.0,10,8.0,27,0.0,0.0,1.0,0.0,26.59,22.3356,1
12.74,3.0,0.0,2.0,17,9.0,63,1.0,0.0,0.0,0.0,55.22,58.864520000000006,1
9.06,0.0,2.0,2.0,26,3.0,61,0.0,1.0,0.0,0.0,53.18,74.98379999999999,0
2.71,2.0,0.0,2.0,6,0.0,28,0.0,0.0,1.0,0.0,14.129999999999999,16.956,1
16.92,0.0,0.0,2.0,23,5.0,78,0.0,0.0,0.0,1.0,73.76,66.384,1
13.54,2.0,0.0,2.0,11,1.0,54,0.0,0.0,1.0,0.0,51.62,60.705119999999994,0
1.0,4.0,1.0,2.0,25,4.0,44,0.0,0.0,1.0,0.0,28.0,46.36800000000001,0
8.77,0.0,1.0,0.0,12,2.0,42,0.0,0.0,1.0,0.0,38.31,44.13312,0
16.01,1.0,0.0,0.0,28,0.0,84,0.0,0.0,1.0,0.0,76.03,83.63300000000001,1
12.63,2.0,1.0,1.0,8,8.0,49,0.0,0.0,0.0,1.0,45.89,55.50854399999999,0
8.09,2.0,0.0,0.0,22,2.0,56,0.0,1.0,0.0,0.0,46.269999999999996,53.30303999999999,1
6.54,0.0,1.0,2.0,10,7.0,39,0.0,0.0,0.0,1.0,29.62,30.567839999999997,1
10.64,0.0,1.0,1.0,14,5.0,45,1.0,0.0,0.0,0.0,45.92,49.5936,0
1.77,0.0,1.0,2.0,14,9.0,22,0.0,1.0,0.0,0.0,19.310000000000002,19.001040000000003,1
13.0,2.0,0.0,2.0,25,7.0,77,0.0,1.0,0.0,0.0,64.0,66.048,1
12.83,0.0,0.0,2.0,5,8.0,50,0.0,1.0,0.0,0.0,43.49,36.5316,1
13.02,4.0,2.0,0.0,6,9.0,65,1.0,0.0,0.0,0.0,45.06,83.13570000000001,0
18.89,3.0,1.0,1.0,22,1.0,74,0.0,0.0,1.0,0.0,78.67,120.270696,0
10.53,2.0,2.0,2.0,25,8.0,72,0.0,1.0,0.0,0.0,56.589999999999996,85.56407999999998,0
5.01,3.0,0.0,2.0,10,5.0,31,1.0,0.0,0.0,0.0,25.03,29.285100000000003,1
16.0,2.0,1.0,1.0,13,3.0,65,1.0,0.0,0.0,0.0,61.0,82.5696,0
17.86,0.0,0.0,1.0,16,8.0,83,1.0,0.0,0.0,0.0,69.58,58.447199999999995,1
2.99,2.0,2.0,2.0,9,5.0,90,1.0,0.0,0.0,0.0,17.97,29.111399999999996,1
16.38,0.0,1.0,2.0,6,2.0,51,0.0,0.0,1.0,0.0,55.14,63.52127999999999,0
6.09,0.0,1.0,2.0,7,4.0,27,0.0,0.0,0.0,1.0,25.27,27.89808,0
13.61,0.0,0.0,2.0,26,0.0,66,0.0,0.0,1.0,0.0,66.83,66.83,0
8.5,4.0,2.0,2.0,14,7.0,56,0.0,1.0,0.0,0.0,39.5,76.4325,0
8.55,0.0,0.0,1.0,28,8.0,46,0.0,1.0,0.0,0.0,53.650000000000006,45.066,1
4.05,0.0,1.0,1.0,21,5.0,39,1.0,0.0,0.0,0.0,33.15,35.80199999999999,1
19.5,0.0,2.0,2.0,18,2.0,73,0.0,0.0,1.0,0.0,76.5,110.16,0
7.59,0.0,1.0,1.0,16,3.0,37,1.0,0.0,0.0,0.0,38.769999999999996,43.73255999999999,0
16.66,4.0,2.0,1.0,29,7.0,95,1.0,0.0,0.0,0.0,78.98,152.82629999999997,0
19.41,4.0,2.0,0.0,21,3.0,100,0.0,1.0,0.0,0.0,79.23,167.57144999999997,0
13.74,2.0,1.0,2.0,6,1.0,56,1.0,0.0,0.0,0.0,47.22,66.63686399999999,0
0.64,0.0,2.0,2.0,10,3.0,24,0.0,0.0,0.0,1.0,11.92,16.807199999999998,1
12.1,0.0,2.0,2.0,11,0.0,53,1.0,0.0,0.0,0.0,47.3,70.94999999999999,0
12.09,0.0,1.0,0.0,13,1.0,60,0.0,0.0,1.0,0.0,49.269999999999996,57.94152,1
11.82,1.0,1.0,2.0,24,7.0,77,0.0,0.0,0.0,1.0,59.46,67.49899200000002,1
5.28,2.0,0.0,2.0,27,6.0,53,0.0,0.0,1.0,0.0,42.84,45.23904,1
5.98,0.0,0.0,0.0,22,9.0,35,0.0,1.0,0.0,0.0,39.94,32.7508,1
2.93,0.0,1.0,2.0,24,8.0,94,0.0,0.0,1.0,0.0,32.79,33.052319999999995,1
4.05,4.0,1.0,1.0,19,2.0,50,0.0,1.0,0.0,0.0,31.15,53.82719999999999,0
13.61,0.0,0.0,1.0,12,2.0,43,0.0,0.0,1.0,0.0,52.83,50.7168,0
2.88,3.0,1.0,0.0,16,4.0,41,0.0,0.0,1.0,0.0,24.64,35.363328,1
5.91,0.0,1.0,1.0,29,4.0,57,0.0,1.0,0.0,0.0,46.730000000000004,51.58992,1
6.0,3.0,1.0,1.0,21,2.0,47,0.0,1.0,0.0,0.0,39.0,58.40639999999999,0
11.33,0.0,1.0,1.0,29,7.0,77,1.0,0.0,0.0,0.0,62.99,65.00568,1
15.01,0.0,1.0,2.0,15,6.0,64,0.0,0.0,1.0,0.0,60.03,63.39168,1
6.85,0.0,2.0,2.0,16,5.0,48,0.0,0.0,1.0,0.0,36.55,49.342499999999994,0
11.93,4.0,2.0,0.0,7,1.0,75,0.0,0.0,1.0,0.0,42.79,94.35195,0
18.82,1.0,0.0,0.0,5,3.0,77,0.0,0.0,1.0,0.0,61.46,63.549640000000004,1
1.03,0.0,1.0,2.0,19,4.0,29,1.0,0.0,0.0,0.0,22.09,24.38736,1
14.22,3.0,1.0,0.0,25,8.0,84,0.0,1.0,0.0,0.0,67.66,88.661664,0
18.18,4.0,2.0,2.0,17,3.0,85,0.0,0.0,1.0,0.0,71.53999999999999,151.30709999999996,0
14.75,0.0,0.0,0.0,10,7.0,62,0.0,0.0,1.0,0.0,54.25,46.655,1
11.7,3.0,0.0,2.0,17,5.0,60,1.0,0.0,0.0,0.0,52.099999999999994,60.956999999999994,0
10.68,0.0,0.0,2.0,14,1.0,42,0.0,0.0,1.0,0.0,46.04,45.1192,0
1.51,0.0,2.0,2.0,26,1.0,44,0.0,1.0,0.0,0.0,30.53,44.8791,0
8.01,0.0,2.0,2.0,8,6.0,48,0.0,0.0,1.0,0.0,32.03,42.2796,1
3.23,3.0,0.0,0.0,25,7.0,42,0.0,0.0,1.0,0.0,34.69,38.78342,1
13.16,3.0,2.0,1.0,25,8.0,68,0.0,0.0,1.0,0.0,64.48,105.61824,0
10.11,1.0,0.0,2.0,11,4.0,44,0.0,0.0,1.0,0.0,41.33,41.82596,1
18.39,1.0,0.0,2.0,24,6.0,74,1.0,0.0,0.0,0.0,79.17,76.63656,0
10.62,1.0,1.0,0.0,22,5.0,54,1.0,0.0,0.0,0.0,53.86,63.985679999999995,0
10.73,0.0,1.0,2.0,7,5.0,57,1.0,0.0,0.0,0.0,39.19,42.3252,1
6.23,0.0,1.0,0.0,20,1.0,51,0.0,1.0,0.0,0.0,38.69,45.49944,1
2.14,0.0,0.0,2.0,25,1.0,36,1.0,0.0,0.0,0.0,31.42,30.791600000000003,1
12.83,0.0,1.0,2.0,19,2.0,76,0.0,0.0,1.0,0.0,57.49,66.22847999999999,1
8.37,0.0,2.0,1.0,13,7.0,42,0.0,1.0,0.0,0.0,38.11,49.161899999999996,0
3.69,3.0,1.0,2.0,8,8.0,27,1.0,0.0,0.0,0.0,19.07,24.989328,1
18.1,0.0,0.0,1.0,8,5.0,77,0.0,0.0,1.0,0.0,62.300000000000004,56.07000000000001,1
7.06,0.0,0.0,1.0,26,5.0,51,1.0,0.0,0.0,0.0,47.18,42.462,1
1.94,2.0,0.0,2.0,10,1.0,25,0.0,0.0,0.0,1.0,15.82,18.604319999999998,1
0.59,0.0,0.0,2.0,21,0.0,27,1.0,0.0,0.0,0.0,22.77,22.77,1
17.01,4.0,0.0,2.0,28,6.0,97,0.0,0.0,0.0,1.0,79.03,104.31960000000001,0
5.36,0.0,0.0,1.0,11,4.0,30,1.0,0.0,0.0,0.0,27.080000000000002,24.913600000000002,1
12.0,0.0,0.0,0.0,25,0.0,75,0.0,1.0,0.0,0.0,61.0,61.0,1
16.23,0.0,1.0,2.0,6,0.0,54,0.0,1.0,0.0,0.0,54.69,65.628,0
19.04,3.0,0.0,0.0,12,6.0,60,0.0,1.0,0.0,0.0,69.12,79.07328000000001,0
18.33,2.0,1.0,1.0,19,0.0,98,0.0,0.0,1.0,0.0,73.99,106.5456,0
2.58,0.0,1.0,1.0,25,7.0,37,0.0,0.0,1.0,0.0,32.74,33.78768,1
4.65,0.0,1.0,2.0,21,1.0,46,0.0,1.0,0.0,0.0,34.95,41.101200000000006,1
17.33,4.0,0.0,1.0,12,3.0,79,0.0,1.0,0.0,0.0,63.989999999999995,90.22589999999998,0
0.68,4.0,2.0,2.0,29,8.0,50,0.0,1.0,0.0,0.0,31.04,58.6656,0
19.33,0.0,1.0,2.0,7,8.0,73,0.0,0.0,1.0,0.0,64.99,65.50991999999998,1
3.42,0.0,1.0,0.0,11,9.0,24,0.0,0.0,0.0,1.0,21.259999999999998,20.91984,1
19.02,3.0,2.0,1.0,22,1.0,106,0.0,1.0,0.0,0.0,79.06,151.08366,0
17.81,1.0,2.0,2.0,21,4.0,122,0.0,1.0,0.0,0.0,74.42999999999999,112.98473999999999,1
2.67,0.0,1.0,0.0,17,6.0,28,0.0,0.0,0.0,1.0,25.009999999999998,26.410559999999997,1
19.24,4.0,0.0,2.0,26,1.0,114,0.0,0.0,1.0,0.0,83.72,123.0684,0
14.41,3.0,1.0,2.0,16,6.0,85,0.0,0.0,0.0,1.0,59.230000000000004,81.310944,1
2.41,0.0,1.0,2.0,15,9.0,25,0.0,1.0,0.0,0.0,22.23,21.87432,1
17.98,0.0,0.0,2.0,5,8.0,45,0.0,1.0,0.0,0.0,58.94,49.5096,0
7.34,2.0,1.0,2.0,22,5.0,93,1.0,0.0,0.0,0.0,44.019999999999996,57.04991999999999,1
12.51,0.0,1.0,2.0,18,5.0,62,0.0,1.0,0.0,0.0,55.53,59.9724,1
4.97,3.0,0.0,2.0,17,9.0,34,0.0,1.0,0.0,0.0,31.91,34.01606,0
19.1,4.0,0.0,2.0,18,1.0,101,1.0,0.0,0.0,0.0,75.30000000000001,110.69100000000002,0
4.64,0.0,0.0,2.0,15,9.0,24,1.0,0.0,0.0,0.0,28.919999999999998,23.7144,1
14.07,3.0,0.0,2.0,10,5.0,63,0.0,1.0,0.0,0.0,52.21,61.0857,1
3.79,0.0,1.0,2.0,13,2.0,34,0.0,0.0,1.0,0.0,24.37,28.07424,1
3.96,0.0,1.0,2.0,23,,44,1.0,0.0,0.0,0.0,34.879999999999995,,0
18.31,0.0,1.0,2.0,25,3.0,79,1.0,0.0,0.0,0.0,79.92999999999999,90.16103999999999,0
6.76,2.0,1.0,2.0,7,6.0,42,0.0,0.0,0.0,1.0,27.28,34.569216,1
0.76,0.0,0.0,0.0,26,9.0,28,1.0,0.0,0.0,0.0,28.28,23.189600000000002,1
5.81,3.0,1.0,2.0,14,8.0,41,0.0,1.0,0.0,0.0,31.43,41.185872,0
12.08,0.0,2.0,1.0,16,4.0,60,1.0,0.0,0.0,0.0,52.24,72.0912,0
1.57,3.0,0.0,0.0,16,1.0,30,0.0,1.0,0.0,0.0,20.71,26.38454,1
11.89,0.0,1.0,2.0,28,0.0,79,1.0,0.0,0.0,0.0,63.67,76.404,1
7.02,0.0,1.0,0.0,23,2.0,53,0.0,1.0,0.0,0.0,44.06,50.75712,1
13.85,0.0,0.0,2.0,29,5.0,71,0.0,1.0,0.0,0.0,70.55,63.495,1
9.32,3.0,1.0,1.0,24,2.0,71,0.0,1.0,0.0,0.0,51.96,77.81529599999999,0
7.72,2.0,2.0,2.0,19,4.0,64,0.0,1.0,0.0,0.0,42.16,69.81696,0
8.15,3.0,0.0,2.0,26,2.0,50,1.0,0.0,0.0,0.0,50.45,62.961600000000004,0
3.54,3.0,1.0,1.0,17,4.0,41,1.0,0.0,0.0,0.0,27.62,39.640224,1
3.16,4.0,0.0,0.0,9,,27,0.0,0.0,1.0,0.0,18.48,,0
11.65,1.0,0.0,2.0,10,3.0,53,0.0,0.0,0.0,1.0,44.95,46.478300000000004,1
5.22,4.0,1.0,1.0,14,3.0,43,0.0,0.0,1.0,0.0,29.66,50.18472,0
5.41,0.0,2.0,1.0,17,6.0,38,0.0,0.0,1.0,0.0,33.230000000000004,43.863600000000005,0
9.88,3.0,1.0,0.0,7,0.0,43,0.0,0.0,1.0,0.0,36.64,57.1584,0
19.86,3.0,2.0,2.0,12,8.0,71,0.0,1.0,0.0,0.0,71.58,117.24804,0
5.53,1.0,2.0,2.0,23,4.0,59,0.0,0.0,1.0,0.0,39.59,60.09762000000001,0
12.46,2.0,0.0,2.0,10,1.0,62,1.0,0.0,0.0,0.0,47.38,55.71888,1
1.38,0.0,1.0,0.0,6,3.0,17,0.0,0.0,1.0,0.0,10.14,11.43792,1
10.79,0.0,1.0,1.0,24,1.0,65,0.0,1.0,0.0,0.0,56.37,66.29111999999999,0
14.23,0.0,1.0,1.0,23,7.0,70,1.0,0.0,0.0,0.0,65.69,67.79207999999998,1
1.21,4.0,0.0,2.0,22,1.0,39,1.0,0.0,0.0,0.0,25.63,37.6761,1
11.1,0.0,0.0,2.0,18,7.0,56,1.0,0.0,0.0,0.0,51.3,44.117999999999995,1
17.1,0.0,1.0,2.0,25,5.0,65,0.0,1.0,0.0,0.0,76.30000000000001,82.40400000000001,0
3.22,0.0,1.0,2.0,19,9.0,32,1.0,0.0,0.0,0.0,28.66,28.201439999999998,1
19.27,2.0,1.0,0.0,29,9.0,85,0.0,0.0,1.0,0.0,86.81,102.505248,0
2.82,3.0,1.0,1.0,10,1.0,29,0.0,1.0,0.0,0.0,18.46,28.221648000000002,1
7.67,2.0,1.0,1.0,22,8.0,59,1.0,0.0,0.0,0.0,45.01,54.444095999999995,1
16.07,0.0,1.0,2.0,16,5.0,64,0.0,1.0,0.0,0.0,64.21000000000001,69.3468,0
7.97,1.0,1.0,1.0,9,8.0,35,0.0,1.0,0.0,0.0,32.91,36.490608,0
18.0,3.0,2.0,0.0,22,,98,0.0,0.0,0.0,1.0,76.0,,0
16.17,0.0,1.0,1.0,12,2.0,78,0.0,1.0,0.0,0.0,60.510000000000005,69.70752,1
14.86,0.0,2.0,1.0,15,4.0,91,0.0,0.0,0.0,1.0,59.58,82.22040000000001,1
11.68,0.0,1.0,1.0,25,7.0,70,1.0,0.0,0.0,0.0,60.04,61.96128,1
12.59,0.0,0.0,1.0,10,2.0,39,0.0,1.0,0.0,0.0,47.769999999999996,45.859199999999994,0
8.96,4.0,1.0,0.0,6,5.0,51,0.0,0.0,1.0,0.0,32.88,53.265600000000006,0
16.51,0.0,1.0,2.0,7,1.0,79,0.0,0.0,1.0,0.0,56.53,66.47928,1
16.01,0.0,0.0,0.0,12,4.0,72,1.0,0.0,0.0,0.0,60.03,55.2276,1
19.74,3.0,2.0,1.0,11,7.0,81,1.0,0.0,0.0,0.0,70.22,117.75894,0
8.64,4.0,0.0,2.0,29,4.0,62,0.0,1.0,0.0,0.0,54.92,75.7896,0
5.13,0.0,1.0,0.0,16,1.0,38,0.0,0.0,1.0,0.0,31.39,36.91464,1
5.78,0.0,2.0,2.0,11,5.0,38,0.0,0.0,1.0,0.0,28.34,38.259,0
2.6,0.0,0.0,2.0,16,1.0,29,1.0,0.0,0.0,0.0,23.8,23.324,1
2.34,2.0,1.0,2.0,8,2.0,28,0.0,0.0,1.0,0.0,15.02,20.763647999999993,1
12.93,0.0,1.0,1.0,20,8.0,58,0.0,0.0,1.0,0.0,58.79,59.26032,0
1.6,0.0,1.0,2.0,14,8.0,24,0.0,1.0,0.0,0.0,18.8,18.9504,1
7.44,3.0,0.0,2.0,27,,53,0.0,1.0,0.0,0.0,49.32,,0
14.39,3.0,1.0,1.0,6,,50,0.0,0.0,1.0,0.0,49.17,,0
6.07,0.0,0.0,2.0,18,4.0,35,1.0,0.0,0.0,0.0,36.21,33.3132,1
17.97,1.0,1.0,1.0,28,7.0,92,0.0,0.0,1.0,0.0,81.91,92.984232,0
17.53,0.0,0.0,2.0,14,6.0,79,1.0,0.0,0.0,0.0,66.59,58.5992,1
12.43,3.0,2.0,2.0,13,6.0,70,0.0,0.0,1.0,0.0,50.29,86.29764,0
10.89,1.0,1.0,2.0,7,0.0,58,0.0,1.0,0.0,0.0,39.67,52.3644,1
4.37,0.0,1.0,1.0,6,7.0,25,0.0,1.0,0.0,0.0,19.11,19.721519999999998,1
8.5,0.0,2.0,0.0,13,3.0,54,0.0,1.0,0.0,0.0,38.5,54.285,0
16.28,3.0,0.0,1.0,8,9.0,71,0.0,0.0,1.0,0.0,56.84,60.59144000000001,1
15.62,4.0,2.0,1.0,26,2.0,81,0.0,1.0,0.0,0.0,72.86,157.3776,0
14.17,0.0,0.0,2.0,8,0.0,55,1.0,0.0,0.0,0.0,50.51,50.51,1
6.63,2.0,0.0,1.0,24,3.0,58,0.0,0.0,0.0,1.0,43.89,49.50792,1
